person_age,person_gender,person_education,person_income,person_emp_exp,person_home_ownership,loan_amnt,loan_intent,loan_int_rate,loan_percent_income,cb_person_cred_hist_length,credit_score,previous_loan_defaults_on_file,loan_status
22.0,female,Master,71948.0,0,RENT,35000.0,PERSONAL,16.02,0.49,3.0,561,No,1
21.0,female,High School,12282.0,0,OWN,1000.0,EDUCATION,11.14,0.08,2.0,504,Yes,0
25.0,female,High School,12438.0,3,MORTGAGE,5500.0,MEDICAL,12.87,0.44,3.0,635,No,1
23.0,female,Bachelor,79753.0,0,RENT,35000.0,MEDICAL,15.23,0.44,2.0,675,No,1
24.0,male,Master,66135.0,1,RENT,35000.0,MEDICAL,14.27,0.53,4.0,586,No,1
21.0,female,High School,12951.0,0,OWN,2500.0,VENTURE,7.14,0.19,2.0,532,No,1
26.0,female,Bachelor,93471.0,1,RENT,35000.0,EDUCATION,12.42,0.37,3.0,701,No,1
24.0,female,High School,95550.0,5,RENT,35000.0,MEDICAL,11.11,0.37,4.0,585,No,1
24.0,female,Associate,100684.0,3,RENT,35000.0,PERSONAL,8.9,0.35,2.0,544,No,1
21.0,female,High School,12739.0,0,OWN,1600.0,VENTURE,14.74,0.13,3.0,640,No,1
22.0,female,High School,102985.0,0,RENT,35000.0,VENTURE,10.37,0.34,4.0,621,No,1
21.0,female,Associate,13113.0,0,OWN,4500.0,HOMEIMPROVEMENT,8.63,0.34,2.0,651,No,1
23.0,male,Bachelor,114860.0,3,RENT,35000.0,VENTURE,7.9,0.3,2.0,573,No,1
26.0,male,Master,130713.0,0,RENT,35000.0,EDUCATION,18.39,0.27,4.0,708,No,1
23.0,female,Associate,138998.0,0,RENT,35000.0,EDUCATION,7.9,0.25,4.0,583,No,0
23.0,female,Master,600891.0,5,MORTGAGE,30000.0,DEBTCONSOLIDATION,10.65,0.05,3.0,670,Yes,0
23.0,male,Bachelor,144943.0,0,RENT,35000.0,EDUCATION,7.9,0.24,4.0,663,No,0
23.0,female,High School,111369.0,0,RENT,35000.0,MEDICAL,20.0,0.31,4.0,694,No,1
23.0,male,Bachelor,136628.0,0,RENT,35000.0,DEBTCONSOLIDATION,18.25,0.26,4.0,709,No,1
24.0,female,Master,14283.0,1,MORTGAGE,1750.0,EDUCATION,10.99,0.12,2.0,679,No,1
25.0,male,Bachelor,195718.0,0,RENT,35000.0,VENTURE,7.49,0.18,4.0,684,Yes,0
25.0,male,High School,165792.0,4,RENT,34800.0,PERSONAL,16.77,0.21,2.0,662,No,0
22.0,female,Master,79255.0,0,RENT,34000.0,EDUCATION,17.58,0.43,4.0,691,No,1
24.0,female,Bachelor,13866.0,0,OWN,1500.0,PERSONAL,7.29,0.11,3.0,600,Yes,0
22.0,male,Bachelor,97420.0,1,RENT,33950.0,PERSONAL,14.54,0.35,4.0,691,No,1
24.0,female,High School,82443.0,0,RENT,33000.0,HOMEIMPROVEMENT,12.68,0.4,3.0,654,No,1
21.0,female,Associate,14288.0,0,MORTGAGE,4575.0,VENTURE,17.74,0.32,3.0,626,No,1
23.0,male,High School,14293.0,0,OWN,1400.0,PERSONAL,9.32,0.1,3.0,607,No,0
24.0,female,Bachelor,79054.0,1,RENT,32500.0,HOMEIMPROVEMENT,9.99,0.41,3.0,700,No,1
21.0,female,Bachelor,14988.0,0,OTHER,4000.0,EDUCATION,12.84,0.27,2.0,553,No,1
21.0,male,High School,14858.0,0,OWN,2000.0,MEDICAL,11.12,0.13,3.0,589,No,1
25.0,male,Bachelor,144855.0,1,RENT,32000.0,VENTURE,6.62,0.22,2.0,586,Yes,0
26.0,male,Bachelor,114645.0,2,RENT,31050.0,HOMEIMPROVEMENT,14.17,0.27,3.0,681,No,1
25.0,female,High School,368115.0,3,RENT,24250.0,DEBTCONSOLIDATION,13.85,0.07,3.0,567,Yes,0
26.0,female,Associate,361076.0,1,MORTGAGE,7800.0,MEDICAL,13.49,0.02,4.0,669,No,0
21.0,male,Associate,15150.0,0,OWN,2500.0,EDUCATION,7.51,0.17,4.0,600,No,1
22.0,female,Bachelor,58868.0,0,RENT,30000.0,EDUCATION,18.39,0.51,2.0,606,No,1
24.0,male,High School,78026.0,3,RENT,30000.0,DEBTCONSOLIDATION,14.54,0.38,3.0,582,No,1
25.0,male,Bachelor,90785.0,4,RENT,30000.0,HOMEIMPROVEMENT,16.89,0.33,4.0,649,No,1
23.0,female,High School,86811.0,0,RENT,30000.0,DEBTCONSOLIDATION,11.01,0.35,4.0,602,No,1
26.0,male,Bachelor,75503.0,5,RENT,30000.0,MEDICAL,17.99,0.4,2.0,616,No,1
24.0,female,High School,15082.0,0,OWN,2500.0,VENTURE,12.69,0.17,3.0,631,No,1
26.0,male,Bachelor,361293.0,5,MORTGAGE,20000.0,VENTURE,7.88,0.06,4.0,684,Yes,0
23.0,male,High School,361547.0,0,OWN,24250.0,EDUCATION,19.41,0.07,2.0,637,Yes,0
26.0,male,Master,360680.0,5,OWN,10000.0,HOMEIMPROVEMENT,10.38,0.03,4.0,649,No,0
26.0,male,Bachelor,360977.0,5,MORTGAGE,25000.0,EDUCATION,15.33,0.07,3.0,695,Yes,0
25.0,female,Bachelor,361244.0,2,MORTGAGE,18000.0,HOMEIMPROVEMENT,16.45,0.05,3.0,620,No,0
26.0,male,Bachelor,98230.0,2,RENT,30000.0,PERSONAL,7.49,0.31,3.0,622,No,1
22.0,female,High School,80838.0,0,RENT,30000.0,MEDICAL,12.69,0.37,3.0,645,No,1
26.0,male,Master,107957.0,2,RENT,30000.0,DEBTCONSOLIDATION,6.62,0.28,3.0,654,No,1
24.0,female,Bachelor,94649.0,2,RENT,30000.0,DEBTCONSOLIDATION,11.01,0.32,4.0,624,No,1
23.0,male,High School,94550.0,1,RENT,30000.0,DEBTCONSOLIDATION,18.62,0.32,3.0,570,No,1
23.0,male,Bachelor,111153.0,3,RENT,30000.0,PERSONAL,15.23,0.27,3.0,648,No,1
23.0,female,Associate,117250.0,0,RENT,30000.0,VENTURE,10.65,0.26,2.0,652,No,1
25.0,male,Bachelor,144985.0,3,RENT,30000.0,EDUCATION,7.9,0.21,4.0,559,No,0
26.0,male,High School,337133.0,7,RENT,10000.0,PERSONAL,15.96,0.03,3.0,623,Yes,0
26.0,male,Associate,333566.0,2,RENT,20000.0,VENTURE,11.48,0.06,3.0,602,Yes,0
23.0,male,Bachelor,333399.0,1,OWN,35000.0,PERSONAL,11.01,0.1,4.0,609,No,0
25.0,male,Master,154793.0,1,RENT,30000.0,PERSONAL,7.29,0.19,4.0,573,Yes,0
24.0,male,Associate,15229.0,1,OWN,1750.0,VENTURE,11.01,0.11,3.0,631,Yes,0
21.0,female,Bachelor,158338.0,0,RENT,30000.0,VENTURE,5.99,0.19,4.0,623,Yes,0
22.0,female,Bachelor,331034.0,0,OWN,12000.0,VENTURE,11.58,0.04,2.0,602,Yes,0
26.0,female,High School,316466.0,6,MORTGAGE,10000.0,EDUCATION,11.01,0.03,4.0,579,No,1
25.0,female,Associate,267671.0,0,MORTGAGE,25000.0,MEDICAL,15.7,0.09,2.0,582,No,1
22.0,male,Master,85191.0,0,RENT,29100.0,EDUCATION,15.99,0.34,3.0,700,No,1
22.0,male,Associate,15013.0,0,MORTGAGE,1500.0,EDUCATION,14.84,0.1,3.0,688,No,0
26.0,male,Bachelor,313100.0,3,OWN,28000.0,HOMEIMPROVEMENT,10.99,0.09,3.0,607,Yes,0
25.0,female,Bachelor,311952.0,0,MORTGAGE,20000.0,HOMEIMPROVEMENT,14.42,0.06,2.0,661,Yes,0
24.0,male,High School,306897.0,5,MORTGAGE,9600.0,EDUCATION,6.99,0.03,2.0,562,Yes,0
25.0,female,Bachelor,301136.0,0,RENT,25000.0,MEDICAL,13.49,0.08,4.0,664,Yes,0
25.0,male,High School,15162.0,1,OWN,3000.0,MEDICAL,11.01,0.2,3.0,564,No,1
22.0,male,Associate,69042.0,0,RENT,28000.0,MEDICAL,11.01,0.41,2.0,598,No,1
21.0,female,High School,15307.0,0,OWN,3000.0,EDUCATION,13.61,0.2,3.0,557,No,1
23.0,female,Associate,79183.0,0,RENT,28000.0,EDUCATION,7.9,0.35,2.0,677,No,1
26.0,male,Bachelor,102654.0,4,RENT,28000.0,VENTURE,7.49,0.27,3.0,690,No,1
26.0,male,Associate,15229.0,1,OWN,6100.0,EDUCATION,7.51,0.4,3.0,599,No,1
22.0,male,High School,106566.0,0,RENT,28000.0,VENTURE,9.91,0.26,3.0,604,No,1
21.0,female,Bachelor,15252.0,0,OWN,4200.0,PERSONAL,13.48,0.28,4.0,663,No,1
22.0,male,Bachelor,15432.0,3,OWN,4750.0,DEBTCONSOLIDATION,7.14,0.31,2.0,601,No,1
24.0,male,High School,100332.0,1,RENT,28000.0,VENTURE,15.99,0.28,4.0,634,No,1
24.0,male,Bachelor,300951.0,2,RENT,18000.0,EDUCATION,12.98,0.06,3.0,671,No,0
144.0,male,Bachelor,300616.0,125,RENT,4800.0,VENTURE,13.57,0.02,3.0,789,No,0
25.0,female,Bachelor,121062.0,1,RENT,28000.0,DEBTCONSOLIDATION,12.69,0.23,3.0,622,No,0
26.0,male,Associate,133372.0,1,RENT,28000.0,EDUCATION,8.9,0.21,2.0,538,Yes,0
26.0,male,Bachelor,15505.0,0,OWN,2700.0,DEBTCONSOLIDATION,11.01,0.17,4.0,587,No,1
22.0,male,Master,130852.0,0,RENT,28000.0,EDUCATION,11.01,0.21,4.0,683,No,1
23.0,male,Associate,182316.0,0,RENT,28000.0,DEBTCONSOLIDATION,11.11,0.15,2.0,634,Yes,0
24.0,female,Bachelor,83853.0,3,RENT,27600.0,HOMEIMPROVEMENT,11.01,0.33,2.0,690,No,1
21.0,female,Bachelor,15394.0,0,MORTGAGE,3250.0,DEBTCONSOLIDATION,15.68,0.21,3.0,518,No,1
22.0,female,Bachelor,85243.0,0,RENT,27500.0,EDUCATION,13.06,0.32,3.0,583,No,1
22.0,male,Associate,288907.0,2,OWN,25000.0,PERSONAL,11.01,0.09,2.0,617,Yes,0
26.0,male,Associate,89074.0,4,RENT,27050.0,VENTURE,15.62,0.3,2.0,668,No,1
24.0,male,Master,100509.0,2,RENT,27000.0,PERSONAL,13.49,0.27,2.0,673,No,1
24.0,male,High School,88950.0,3,RENT,27000.0,VENTURE,11.01,0.3,3.0,706,No,1
23.0,female,High School,75894.0,1,RENT,26000.0,MEDICAL,11.71,0.34,2.0,536,No,1
23.0,male,Associate,145092.0,0,RENT,25600.0,EDUCATION,12.69,0.18,3.0,557,Yes,0
24.0,female,Bachelor,15928.0,1,OWN,1600.0,MEDICAL,13.57,0.1,3.0,689,Yes,0
22.0,male,Bachelor,73131.0,3,RENT,25475.0,VENTURE,10.99,0.35,3.0,681,No,1
25.0,male,Master,281501.0,4,MORTGAGE,20000.0,MEDICAL,14.27,0.07,4.0,623,Yes,0
24.0,female,Associate,281775.0,0,OWN,20000.0,HOMEIMPROVEMENT,8.88,0.07,4.0,595,Yes,0
26.0,male,Bachelor,281792.0,1,MORTGAGE,21600.0,HOMEIMPROVEMENT,12.18,0.08,3.0,584,Yes,0
25.0,male,Bachelor,266090.0,4,MORTGAGE,11900.0,DEBTCONSOLIDATION,14.42,0.04,3.0,669,No,1
26.0,male,High School,279664.0,3,MORTGAGE,25000.0,MEDICAL,14.17,0.09,2.0,642,Yes,0
25.0,female,High School,277017.0,4,MORTGAGE,35000.0,MEDICAL,13.99,0.13,4.0,622,Yes,0
23.0,male,Associate,100756.0,0,RENT,25300.0,EDUCATION,10.99,0.25,3.0,689,No,1
22.0,male,High School,16218.0,1,MORTGAGE,2000.0,PERSONAL,5.42,0.12,4.0,614,No,1
25.0,female,Bachelor,16211.0,2,OWN,1750.0,PERSONAL,13.61,0.11,3.0,597,Yes,0
21.0,female,Bachelor,51922.0,3,RENT,25000.0,EDUCATION,12.73,0.48,3.0,673,No,1
24.0,male,Associate,50309.0,3,RENT,25000.0,HOMEIMPROVEMENT,11.01,0.5,3.0,625,No,1
25.0,male,High School,16378.0,0,OWN,3000.0,DEBTCONSOLIDATION,12.87,0.18,4.0,603,No,1
24.0,male,Bachelor,16572.0,0,MORTGAGE,3650.0,HOMEIMPROVEMENT,9.91,0.22,3.0,589,No,1
26.0,male,Master,272201.0,5,MORTGAGE,20000.0,HOMEIMPROVEMENT,11.49,0.07,4.0,670,Yes,0
25.0,female,Bachelor,271324.0,3,MORTGAGE,30000.0,HOMEIMPROVEMENT,19.91,0.11,2.0,637,Yes,0
26.0,male,Associate,256862.0,2,MORTGAGE,35000.0,EDUCATION,10.65,0.14,2.0,643,No,1
24.0,male,High School,271342.0,0,RENT,6000.0,MEDICAL,11.01,0.02,4.0,508,Yes,0
24.0,male,High School,16470.0,2,MORTGAGE,4500.0,DEBTCONSOLIDATION,11.83,0.27,4.0,643,No,1
23.0,male,High School,16599.0,0,OWN,2400.0,DEBTCONSOLIDATION,13.49,0.14,2.0,505,No,1
22.0,male,Bachelor,51608.0,0,RENT,25000.0,MEDICAL,14.59,0.48,2.0,593,No,1
26.0,female,Master,58516.0,6,RENT,25000.0,EDUCATION,9.64,0.43,4.0,686,No,1
25.0,female,Associate,16395.0,4,OWN,3600.0,MEDICAL,14.59,0.22,3.0,646,No,1
22.0,female,Bachelor,16890.0,0,OWN,4750.0,EDUCATION,11.01,0.28,3.0,645,No,1
25.0,female,Associate,51747.0,3,RENT,25000.0,EDUCATION,16.35,0.48,3.0,697,No,1
21.0,male,High School,59864.0,0,RENT,25000.0,EDUCATION,10.99,0.42,2.0,648,No,1
25.0,male,Master,270972.0,1,MORTGAGE,25000.0,VENTURE,18.67,0.09,2.0,640,Yes,0
26.0,male,Bachelor,270870.0,5,RENT,3000.0,EDUCATION,9.32,0.01,4.0,681,No,0
23.0,female,Associate,270729.0,0,RENT,7500.0,DEBTCONSOLIDATION,8.63,0.03,2.0,646,No,0
26.0,male,Bachelor,270877.0,4,MORTGAGE,25000.0,VENTURE,10.08,0.09,2.0,615,Yes,0
22.0,male,Associate,60501.0,0,RENT,25000.0,PERSONAL,11.83,0.41,3.0,687,No,1
23.0,male,High School,60754.0,1,RENT,25000.0,DEBTCONSOLIDATION,7.9,0.41,3.0,650,No,1
25.0,male,Bachelor,60829.0,0,RENT,25000.0,HOMEIMPROVEMENT,5.99,0.41,2.0,588,No,1
24.0,male,Bachelor,53825.0,2,RENT,25000.0,DEBTCONSOLIDATION,15.33,0.46,2.0,652,No,1
23.0,male,High School,60801.0,0,RENT,25000.0,VENTURE,11.83,0.41,4.0,658,No,1
22.0,male,High School,60747.0,0,RENT,25000.0,VENTURE,10.36,0.41,2.0,634,No,1
22.0,female,High School,61029.0,0,RENT,25000.0,VENTURE,12.23,0.41,3.0,623,No,1
22.0,female,Associate,63236.0,0,RENT,25000.0,EDUCATION,11.11,0.4,4.0,635,No,1
23.0,female,Bachelor,17149.0,0,OWN,4950.0,DEBTCONSOLIDATION,7.9,0.29,4.0,531,No,1
24.0,female,Master,265066.0,4,MORTGAGE,25000.0,EDUCATION,11.58,0.09,2.0,665,Yes,0
23.0,male,Associate,260205.0,2,MORTGAGE,21000.0,DEBTCONSOLIDATION,8.9,0.08,3.0,703,No,0
25.0,female,Associate,260035.0,5,MORTGAGE,25000.0,EDUCATION,16.07,0.1,3.0,585,Yes,0
26.0,female,Bachelor,260444.0,4,MORTGAGE,20000.0,EDUCATION,14.22,0.08,2.0,594,No,0
23.0,male,Bachelor,258980.0,0,MORTGAGE,35000.0,MEDICAL,14.79,0.14,3.0,618,Yes,0
26.0,male,High School,259081.0,2,MORTGAGE,12000.0,EDUCATION,7.88,0.05,2.0,626,Yes,0
23.0,male,High School,63497.0,0,RENT,25000.0,PERSONAL,13.22,0.39,2.0,695,No,1
26.0,female,Doctorate,56325.0,2,RENT,25000.0,DEBTCONSOLIDATION,11.86,0.44,4.0,690,No,1
22.0,male,Bachelor,64842.0,0,RENT,25000.0,EDUCATION,13.43,0.39,4.0,574,No,1
26.0,female,High School,57856.0,0,RENT,25000.0,HOMEIMPROVEMENT,15.28,0.43,2.0,602,No,1
23.0,male,Associate,57318.0,0,RENT,25000.0,VENTURE,17.93,0.44,2.0,679,No,1
23.0,female,High School,16916.0,2,MORTGAGE,1400.0,EDUCATION,9.25,0.08,4.0,615,No,0
21.0,male,Master,16664.0,0,OWN,4500.0,VENTURE,12.98,0.27,4.0,601,No,1
22.0,male,Associate,252803.0,0,MORTGAGE,16000.0,VENTURE,10.62,0.06,4.0,577,Yes,0
26.0,female,Associate,253061.0,3,OWN,22000.0,PERSONAL,11.83,0.09,4.0,588,Yes,0
26.0,male,Bachelor,58602.0,8,RENT,25000.0,VENTURE,18.43,0.43,2.0,595,No,1
22.0,male,High School,67012.0,2,RENT,25000.0,EDUCATION,11.01,0.37,4.0,653,No,1
24.0,female,Master,66643.0,3,RENT,25000.0,HOMEIMPROVEMENT,11.01,0.38,4.0,663,No,1
23.0,male,Bachelor,66599.0,0,RENT,25000.0,EDUCATION,11.36,0.38,3.0,653,No,1
23.0,male,Associate,67212.0,2,RENT,25000.0,EDUCATION,15.65,0.37,3.0,598,No,1
24.0,female,High School,66918.0,1,RENT,25000.0,PERSONAL,13.22,0.37,4.0,630,No,1
26.0,male,Associate,68066.0,2,RENT,25000.0,DEBTCONSOLIDATION,12.87,0.37,2.0,637,No,1
24.0,male,Associate,245545.0,1,OWN,20000.0,MEDICAL,13.04,0.08,3.0,660,Yes,0
23.0,male,Associate,229083.0,0,MORTGAGE,22000.0,EDUCATION,17.58,0.1,3.0,639,No,1
23.0,male,High School,17859.0,0,OWN,7750.0,PERSONAL,17.04,0.43,4.0,626,No,1
24.0,female,Associate,72608.0,3,RENT,25000.0,PERSONAL,10.99,0.34,3.0,612,No,1
24.0,male,Bachelor,73073.0,1,RENT,25000.0,PERSONAL,11.11,0.34,3.0,628,No,1
26.0,female,Master,65880.0,2,RENT,25000.0,DEBTCONSOLIDATION,14.83,0.38,2.0,592,No,1
23.0,male,High School,17755.0,1,OWN,4000.0,DEBTCONSOLIDATION,11.01,0.23,3.0,580,No,1
24.0,male,Bachelor,241180.0,3,RENT,12000.0,MEDICAL,12.69,0.05,2.0,634,No,0
24.0,male,Associate,240894.0,3,MORTGAGE,12000.0,HOMEIMPROVEMENT,13.49,0.05,2.0,678,No,0
21.0,male,High School,240980.0,0,MORTGAGE,16000.0,EDUCATION,14.65,0.07,4.0,557,Yes,0
25.0,male,Bachelor,65742.0,3,RENT,25000.0,HOMEIMPROVEMENT,16.82,0.38,4.0,672,No,1
23.0,male,Bachelor,72713.0,0,RENT,25000.0,PERSONAL,12.73,0.34,3.0,613,No,1
23.0,male,High School,72627.0,3,RENT,25000.0,PERSONAL,10.25,0.34,4.0,566,No,1
21.0,male,Associate,72843.0,0,RENT,25000.0,EDUCATION,10.99,0.34,4.0,718,No,1
25.0,male,High School,75504.0,4,RENT,25000.0,MEDICAL,12.73,0.33,2.0,484,No,1
22.0,female,High School,68824.0,0,RENT,25000.0,HOMEIMPROVEMENT,14.96,0.36,3.0,634,No,1
23.0,female,Bachelor,241167.0,2,MORTGAGE,28000.0,EDUCATION,11.01,0.12,2.0,653,Yes,0
21.0,male,Bachelor,241060.0,0,MORTGAGE,25000.0,DEBTCONSOLIDATION,13.99,0.1,2.0,699,No,0
24.0,male,High School,240855.0,0,MORTGAGE,24000.0,VENTURE,7.49,0.1,4.0,656,Yes,0
26.0,male,High School,241030.0,3,MORTGAGE,15000.0,EDUCATION,14.79,0.06,3.0,626,Yes,0
25.0,male,High School,240895.0,2,MORTGAGE,15500.0,DEBTCONSOLIDATION,11.99,0.06,2.0,659,No,0
24.0,female,High School,240932.0,4,RENT,10000.0,EDUCATION,8.49,0.04,4.0,604,Yes,0
24.0,male,Associate,80145.0,1,RENT,25000.0,EDUCATION,9.91,0.31,2.0,636,No,1
22.0,male,Master,80303.0,0,RENT,25000.0,EDUCATION,13.06,0.31,3.0,554,No,1
22.0,male,High School,241048.0,0,MORTGAGE,9000.0,DEBTCONSOLIDATION,6.17,0.04,4.0,587,Yes,0
144.0,male,Associate,241424.0,121,MORTGAGE,6000.0,EDUCATION,11.86,0.02,2.0,807,No,0
25.0,male,Bachelor,241005.0,4,RENT,18000.0,EDUCATION,16.32,0.07,3.0,708,Yes,0
25.0,female,Master,240768.0,2,MORTGAGE,12000.0,VENTURE,10.38,0.05,2.0,669,Yes,0
25.0,male,Associate,241201.0,2,MORTGAGE,23050.0,PERSONAL,14.35,0.1,3.0,578,No,0
24.0,male,Bachelor,240920.0,5,MORTGAGE,20000.0,DEBTCONSOLIDATION,11.01,0.08,3.0,615,No,0
24.0,female,Master,72919.0,1,RENT,25000.0,DEBTCONSOLIDATION,11.01,0.34,2.0,553,No,1
21.0,male,Master,18008.0,0,OWN,3000.0,HOMEIMPROVEMENT,11.01,0.17,4.0,635,No,1
26.0,female,Associate,81238.0,3,RENT,25000.0,PERSONAL,15.21,0.31,2.0,531,No,1
23.0,male,High School,80868.0,1,RENT,25000.0,EDUCATION,7.9,0.31,4.0,621,No,1
24.0,male,Bachelor,81537.0,1,RENT,25000.0,VENTURE,10.99,0.31,3.0,674,No,1
24.0,female,Associate,82741.0,0,RENT,25000.0,PERSONAL,14.09,0.3,3.0,688,No,1
25.0,female,High School,83901.0,3,RENT,25000.0,PERSONAL,17.49,0.3,2.0,597,No,1
25.0,male,Associate,240717.0,1,MORTGAGE,12000.0,EDUCATION,11.48,0.05,3.0,640,No,0
26.0,female,Associate,226744.0,0,MORTGAGE,20000.0,VENTURE,17.74,0.09,2.0,621,No,1
26.0,female,Bachelor,241114.0,5,MORTGAGE,3000.0,PERSONAL,13.92,0.01,3.0,608,Yes,0
25.0,male,Bachelor,85284.0,3,RENT,25000.0,EDUCATION,15.21,0.29,3.0,653,No,1
22.0,female,Bachelor,18152.0,0,OWN,4000.0,MEDICAL,10.99,0.22,3.0,585,No,1
24.0,female,High School,84871.0,3,RENT,25000.0,EDUCATION,11.86,0.29,4.0,569,No,1
24.0,male,Bachelor,18294.0,2,OWN,6000.0,PERSONAL,7.49,0.33,3.0,587,No,1
24.0,male,Bachelor,68029.0,1,RENT,25000.0,MEDICAL,16.49,0.37,4.0,631,No,1
25.0,female,High School,80001.0,4,RENT,25000.0,VENTURE,15.33,0.31,2.0,592,No,1
26.0,female,High School,79875.0,6,RENT,25000.0,HOMEIMPROVEMENT,11.58,0.31,4.0,679,No,1
25.0,male,High School,18449.0,1,OWN,5375.0,EDUCATION,5.79,0.29,2.0,645,No,1
25.0,male,Associate,88153.0,0,RENT,25000.0,MEDICAL,13.11,0.28,2.0,669,No,1
23.0,female,Bachelor,90109.0,0,RENT,25000.0,MEDICAL,10.36,0.28,3.0,653,No,1
25.0,male,Bachelor,90938.0,1,RENT,25000.0,DEBTCONSOLIDATION,10.36,0.27,2.0,577,No,1
24.0,male,High School,231335.0,0,RENT,22000.0,MEDICAL,11.01,0.1,2.0,668,Yes,0
21.0,male,Bachelor,231829.0,0,MORTGAGE,20000.0,VENTURE,6.54,0.09,4.0,629,No,0
25.0,female,Associate,230516.0,4,MORTGAGE,10000.0,MEDICAL,12.53,0.04,4.0,643,No,0
26.0,male,Bachelor,229626.0,0,MORTGAGE,15000.0,PERSONAL,11.01,0.07,3.0,626,No,0
22.0,male,Bachelor,228907.0,0,MORTGAGE,10000.0,VENTURE,11.01,0.04,3.0,560,Yes,0
24.0,male,Bachelor,90938.0,0,RENT,25000.0,EDUCATION,10.25,0.27,4.0,648,No,1
22.0,male,Associate,86284.0,0,RENT,25000.0,EDUCATION,15.95,0.29,4.0,648,No,1
26.0,male,Associate,228774.0,3,MORTGAGE,20000.0,VENTURE,12.18,0.09,4.0,669,Yes,0
23.0,male,High School,229027.0,2,OWN,24000.0,PERSONAL,11.83,0.1,3.0,536,Yes,0
23.0,male,High School,94789.0,1,RENT,25000.0,DEBTCONSOLIDATION,11.01,0.26,2.0,548,No,1
23.0,female,Master,94780.0,0,RENT,25000.0,VENTURE,10.62,0.26,3.0,667,No,1
23.0,male,High School,95298.0,0,RENT,25000.0,VENTURE,10.74,0.26,3.0,676,No,1
25.0,male,Associate,223944.0,1,OWN,10000.0,VENTURE,10.25,0.04,4.0,570,Yes,0
24.0,male,High School,222629.0,0,MORTGAGE,35000.0,EDUCATION,12.42,0.16,2.0,623,No,0
25.0,female,Bachelor,222973.0,2,RENT,15000.0,VENTURE,15.27,0.07,2.0,652,Yes,0
24.0,female,High School,75240.0,1,RENT,25000.0,MEDICAL,15.33,0.33,2.0,625,No,1
23.0,female,High School,96143.0,1,RENT,25000.0,VENTURE,15.21,0.26,2.0,642,No,1
21.0,male,Bachelor,18064.0,0,OWN,6250.0,VENTURE,14.72,0.35,2.0,580,No,1
24.0,male,Associate,96627.0,2,RENT,25000.0,PERSONAL,15.7,0.26,2.0,622,No,1
24.0,male,Bachelor,96309.0,3,RENT,25000.0,EDUCATION,13.35,0.26,4.0,581,No,1
21.0,female,High School,18421.0,1,MORTGAGE,1500.0,MEDICAL,11.01,0.08,4.0,623,No,0
24.0,male,Master,96836.0,1,RENT,25000.0,EDUCATION,6.62,0.26,2.0,583,No,1
26.0,male,Bachelor,96947.0,4,RENT,25000.0,DEBTCONSOLIDATION,13.61,0.26,4.0,645,No,1
22.0,female,Associate,222975.0,2,RENT,25000.0,MEDICAL,11.36,0.11,2.0,593,Yes,0
26.0,male,Associate,222985.0,3,OWN,5000.0,PERSONAL,7.68,0.02,2.0,659,Yes,0
24.0,female,Bachelor,223064.0,0,RENT,22000.0,HOMEIMPROVEMENT,14.46,0.1,4.0,655,Yes,0
23.0,male,Associate,221559.0,2,OWN,2500.0,EDUCATION,11.83,0.01,2.0,583,Yes,0
24.0,female,Associate,207712.0,0,MORTGAGE,20000.0,DEBTCONSOLIDATION,13.47,0.1,4.0,582,No,1
24.0,female,Bachelor,220872.0,1,MORTGAGE,20000.0,MEDICAL,11.49,0.09,3.0,504,Yes,0
22.0,male,High School,220518.0,0,MORTGAGE,1000.0,EDUCATION,11.01,0.0,2.0,551,Yes,0
25.0,female,Associate,220510.0,1,MORTGAGE,15000.0,PERSONAL,6.03,0.07,3.0,529,Yes,0
23.0,female,Bachelor,89818.0,0,RENT,25000.0,DEBTCONSOLIDATION,16.35,0.28,4.0,674,No,1
26.0,female,High School,90006.0,4,RENT,25000.0,DEBTCONSOLIDATION,11.01,0.28,4.0,595,No,1
25.0,female,High School,98704.0,6,RENT,25000.0,DEBTCONSOLIDATION,7.29,0.25,3.0,597,No,1
23.0,male,High School,98967.0,5,RENT,25000.0,MEDICAL,11.36,0.25,3.0,566,No,1
24.0,male,High School,99435.0,3,RENT,25000.0,VENTURE,10.25,0.25,2.0,666,No,0
24.0,female,Bachelor,100658.0,1,RENT,25000.0,EDUCATION,11.12,0.25,3.0,695,No,0
24.0,female,Bachelor,100435.0,2,RENT,25000.0,PERSONAL,12.92,0.25,3.0,576,Yes,0
24.0,male,High School,216925.0,5,RENT,18000.0,EDUCATION,18.64,0.08,4.0,651,Yes,0
23.0,female,Bachelor,216891.0,0,MORTGAGE,28000.0,PERSONAL,7.51,0.13,3.0,633,Yes,0
23.0,male,Master,18512.0,1,OWN,4000.0,HOMEIMPROVEMENT,16.7,0.22,2.0,566,No,1
22.0,male,Master,18367.0,0,OWN,2100.0,PERSONAL,11.14,0.11,4.0,583,No,0
22.0,female,Associate,102317.0,0,RENT,25000.0,PERSONAL,18.3,0.24,4.0,586,Yes,0
24.0,female,Associate,103400.0,4,RENT,25000.0,MEDICAL,10.62,0.24,4.0,592,Yes,0
24.0,male,Bachelor,217134.0,2,MORTGAGE,14000.0,VENTURE,11.99,0.06,2.0,598,Yes,0
26.0,male,Master,217024.0,1,MORTGAGE,12000.0,VENTURE,9.63,0.06,4.0,637,Yes,0
25.0,female,High School,172215.0,5,MORTGAGE,10000.0,MEDICAL,18.25,0.06,4.0,628,No,1
23.0,male,Master,18831.0,0,MORTGAGE,6000.0,DEBTCONSOLIDATION,11.01,0.32,4.0,667,No,1
24.0,male,Associate,105349.0,5,RENT,25000.0,HOMEIMPROVEMENT,14.84,0.24,3.0,621,Yes,0
24.0,male,Bachelor,91184.0,1,RENT,25000.0,VENTURE,14.7,0.27,3.0,668,No,1
23.0,female,High School,91886.0,1,RENT,25000.0,DEBTCONSOLIDATION,16.02,0.27,4.0,544,No,1
23.0,male,Associate,80452.0,2,RENT,25000.0,MEDICAL,15.37,0.31,2.0,699,No,1
25.0,female,Bachelor,108758.0,2,RENT,25000.0,MEDICAL,10.99,0.23,4.0,611,No,0
21.0,male,Associate,18916.0,0,OWN,6200.0,HOMEIMPROVEMENT,7.9,0.33,2.0,615,No,1
26.0,female,High School,217234.0,5,OWN,25000.0,PERSONAL,10.99,0.12,4.0,559,Yes,0
24.0,female,High School,217017.0,0,OWN,21000.0,EDUCATION,11.48,0.1,3.0,577,Yes,0
25.0,male,High School,216874.0,1,OWN,20000.0,MEDICAL,14.26,0.09,4.0,657,Yes,0
26.0,male,Associate,216833.0,5,OWN,10000.0,HOMEIMPROVEMENT,8.0,0.05,4.0,676,Yes,0
25.0,male,Bachelor,216483.0,0,MORTGAGE,9950.0,VENTURE,11.26,0.05,2.0,601,No,0
23.0,female,Master,19000.0,2,OWN,4475.0,MEDICAL,11.01,0.24,4.0,647,No,1
23.0,female,Master,94363.0,0,RENT,25000.0,VENTURE,16.32,0.26,3.0,576,No,1
25.0,male,Master,80570.0,3,RENT,25000.0,MEDICAL,17.93,0.31,4.0,612,No,1
23.0,male,Bachelor,109167.0,0,RENT,25000.0,DEBTCONSOLIDATION,11.36,0.23,3.0,678,No,0
24.0,female,Associate,95753.0,1,RENT,25000.0,DEBTCONSOLIDATION,14.96,0.26,4.0,542,No,1
24.0,female,Associate,110935.0,1,RENT,25000.0,PERSONAL,13.43,0.23,3.0,709,Yes,0
25.0,male,Associate,111490.0,2,RENT,25000.0,HOMEIMPROVEMENT,12.69,0.22,3.0,622,Yes,0
24.0,male,Associate,111729.0,4,RENT,25000.0,VENTURE,12.73,0.22,4.0,642,Yes,0
23.0,female,High School,113396.0,0,RENT,25000.0,VENTURE,15.21,0.22,4.0,660,No,0
23.0,female,Bachelor,19175.0,1,MORTGAGE,1750.0,MEDICAL,12.68,0.09,3.0,587,Yes,0
23.0,female,High School,85787.0,0,RENT,25000.0,MEDICAL,19.04,0.29,4.0,646,No,1
25.0,female,Master,102114.0,7,RENT,25000.0,DEBTCONSOLIDATION,15.95,0.24,3.0,637,No,1
26.0,male,Bachelor,211005.0,5,MORTGAGE,2600.0,VENTURE,8.9,0.01,4.0,718,No,0
25.0,male,Master,210903.0,4,MORTGAGE,8000.0,HOMEIMPROVEMENT,7.9,0.04,2.0,588,Yes,0
22.0,male,Associate,210555.0,0,MORTGAGE,18000.0,EDUCATION,11.01,0.09,2.0,652,No,0
23.0,male,Bachelor,210937.0,0,MORTGAGE,21000.0,PERSONAL,11.99,0.1,3.0,620,Yes,0
23.0,male,High School,19062.0,2,OWN,4000.0,DEBTCONSOLIDATION,13.98,0.21,4.0,667,No,1
23.0,female,Associate,18926.0,0,OWN,4600.0,VENTURE,10.99,0.24,2.0,688,No,1
22.0,male,Associate,106694.0,0,RENT,25000.0,DEBTCONSOLIDATION,15.58,0.23,2.0,667,No,1
25.0,male,Master,90718.0,4,RENT,25000.0,MEDICAL,10.99,0.28,2.0,692,No,1
25.0,male,Bachelor,106668.0,1,RENT,25000.0,VENTURE,14.96,0.23,4.0,562,No,1
25.0,male,High School,19158.0,4,OWN,1750.0,HOMEIMPROVEMENT,15.31,0.09,4.0,625,Yes,0
26.0,male,High School,106419.0,5,RENT,25000.0,VENTURE,15.65,0.23,3.0,649,No,1
25.0,female,High School,120696.0,3,RENT,25000.0,VENTURE,9.33,0.21,4.0,545,Yes,0
23.0,male,High School,19065.0,3,MORTGAGE,3600.0,PERSONAL,13.47,0.19,4.0,540,No,1
24.0,female,Associate,124083.0,0,RENT,25000.0,PERSONAL,10.36,0.2,3.0,637,Yes,0
24.0,male,Associate,111673.0,4,RENT,25000.0,HOMEIMPROVEMENT,16.77,0.22,4.0,600,No,1
23.0,male,High School,112633.0,1,RENT,25000.0,DEBTCONSOLIDATION,14.59,0.22,2.0,633,No,1
22.0,male,High School,210938.0,0,RENT,3500.0,VENTURE,11.91,0.02,2.0,588,No,0
23.0,female,Associate,210720.0,2,MORTGAGE,7200.0,EDUCATION,8.38,0.03,3.0,624,Yes,0
25.0,male,High School,210705.0,7,RENT,9000.0,VENTURE,10.59,0.04,3.0,525,Yes,0
25.0,male,High School,209997.0,3,MORTGAGE,8800.0,DEBTCONSOLIDATION,14.27,0.04,3.0,616,Yes,0
26.0,female,Master,209873.0,3,RENT,12000.0,DEBTCONSOLIDATION,12.53,0.06,4.0,675,No,0
25.0,female,Associate,195268.0,1,MORTGAGE,25000.0,DEBTCONSOLIDATION,16.0,0.13,3.0,662,No,1
26.0,male,Master,209393.0,2,MORTGAGE,10000.0,VENTURE,11.71,0.05,4.0,585,Yes,0
21.0,male,Master,18773.0,0,OWN,3175.0,HOMEIMPROVEMENT,11.54,0.17,3.0,686,No,1
25.0,female,Bachelor,116439.0,2,RENT,25000.0,HOMEIMPROVEMENT,15.68,0.21,4.0,595,No,1
21.0,female,Associate,19169.0,2,MORTGAGE,1500.0,EDUCATION,10.59,0.08,2.0,537,Yes,0
24.0,female,High School,118417.0,0,RENT,25000.0,HOMEIMPROVEMENT,12.61,0.21,2.0,625,No,1
26.0,female,High School,133476.0,0,RENT,25000.0,PERSONAL,11.01,0.19,2.0,641,Yes,0
23.0,female,Associate,19312.0,4,MORTGAGE,2800.0,PERSONAL,8.49,0.14,3.0,661,No,1
25.0,male,High School,192351.0,1,RENT,30000.0,PERSONAL,17.27,0.16,4.0,577,No,1
24.0,male,Bachelor,206648.0,4,RENT,18000.0,DEBTCONSOLIDATION,8.9,0.09,4.0,537,Yes,0
25.0,female,High School,205046.0,6,MORTGAGE,10000.0,MEDICAL,11.11,0.05,4.0,646,Yes,0
24.0,male,High School,190735.0,1,RENT,25000.0,HOMEIMPROVEMENT,14.59,0.13,2.0,653,No,1
26.0,female,Associate,204872.0,3,RENT,13000.0,VENTURE,12.42,0.06,3.0,654,No,0
24.0,male,Associate,100758.0,0,RENT,25000.0,MEDICAL,11.01,0.25,2.0,635,No,1
24.0,female,Master,133231.0,3,RENT,25000.0,HOMEIMPROVEMENT,15.7,0.19,2.0,675,Yes,0
22.0,female,Master,18923.0,0,OWN,2500.0,HOMEIMPROVEMENT,12.53,0.13,3.0,618,No,1
25.0,female,Master,161894.0,0,RENT,5000.0,MEDICAL,16.49,0.03,2.0,609,No,1
25.0,female,Bachelor,205144.0,0,MORTGAGE,20000.0,EDUCATION,7.49,0.1,2.0,545,Yes,0
22.0,female,High School,121617.0,2,RENT,25000.0,DEBTCONSOLIDATION,14.96,0.21,2.0,629,No,1
25.0,male,Associate,136206.0,6,RENT,25000.0,MEDICAL,12.73,0.18,4.0,539,No,0
24.0,male,Master,144915.0,4,RENT,25000.0,EDUCATION,10.65,0.17,4.0,593,Yes,0
25.0,female,High School,145233.0,3,RENT,25000.0,MEDICAL,10.74,0.17,2.0,683,No,0
23.0,male,Bachelor,145002.0,1,RENT,25000.0,EDUCATION,9.99,0.17,2.0,670,Yes,0
24.0,male,Master,110953.0,0,RENT,25000.0,MEDICAL,15.33,0.23,2.0,662,No,1
21.0,female,High School,19414.0,2,OWN,1000.0,VENTURE,7.29,0.05,4.0,681,Yes,0
26.0,male,High School,130096.0,1,RENT,25000.0,PERSONAL,15.05,0.19,3.0,636,No,1
26.0,male,Master,157292.0,0,RENT,25000.0,PERSONAL,10.75,0.16,3.0,677,Yes,0
23.0,female,Bachelor,156995.0,3,RENT,25000.0,EDUCATION,16.02,0.16,2.0,656,Yes,0
23.0,female,Associate,156952.0,0,RENT,25000.0,VENTURE,11.49,0.16,4.0,674,Yes,0
25.0,female,Associate,205005.0,6,OWN,20000.0,EDUCATION,12.53,0.1,4.0,587,No,0
26.0,female,Bachelor,205060.0,2,MORTGAGE,12000.0,VENTURE,13.57,0.06,2.0,658,No,0
22.0,male,High School,203782.0,4,RENT,14000.0,PERSONAL,11.14,0.07,3.0,581,Yes,0
26.0,male,High School,203368.0,3,RENT,24250.0,MEDICAL,12.87,0.12,3.0,606,Yes,0
23.0,female,Associate,203403.0,0,RENT,20000.0,EDUCATION,11.58,0.1,3.0,648,No,0
24.0,female,Associate,202715.0,3,RENT,1800.0,HOMEIMPROVEMENT,11.12,0.01,3.0,563,Yes,0
25.0,female,Master,202525.0,1,MORTGAGE,35000.0,PERSONAL,10.65,0.17,2.0,589,Yes,0
24.0,male,Associate,161487.0,1,RENT,25000.0,DEBTCONSOLIDATION,10.37,0.15,2.0,641,No,0
24.0,male,Associate,19677.0,3,OWN,3300.0,HOMEIMPROVEMENT,6.39,0.17,4.0,637,No,1
24.0,male,High School,161952.0,2,RENT,25000.0,PERSONAL,16.07,0.15,3.0,578,Yes,0
25.0,female,Bachelor,161560.0,0,RENT,25000.0,MEDICAL,10.62,0.15,2.0,660,Yes,0
25.0,male,High School,19423.0,3,OWN,3200.0,VENTURE,18.09,0.16,2.0,586,No,1
25.0,male,Associate,163134.0,5,RENT,25000.0,EDUCATION,11.36,0.15,4.0,567,Yes,0
26.0,female,Bachelor,163683.0,5,RENT,25000.0,DEBTCONSOLIDATION,12.53,0.15,4.0,582,Yes,0
25.0,female,Bachelor,174972.0,3,RENT,25000.0,EDUCATION,9.99,0.14,4.0,712,Yes,0
23.0,male,High School,181016.0,4,RENT,25000.0,EDUCATION,10.36,0.14,3.0,674,No,0
23.0,female,Master,198920.0,0,MORTGAGE,9600.0,EDUCATION,5.99,0.05,3.0,532,Yes,0
22.0,female,Master,184800.0,1,MORTGAGE,24000.0,DEBTCONSOLIDATION,15.62,0.13,2.0,670,No,1
24.0,male,Master,198862.0,6,MORTGAGE,20000.0,PERSONAL,10.37,0.1,4.0,658,No,0
25.0,male,Associate,199407.0,0,MORTGAGE,25000.0,HOMEIMPROVEMENT,19.74,0.13,4.0,669,No,0
21.0,male,Bachelor,198803.0,0,MORTGAGE,20000.0,EDUCATION,6.91,0.1,4.0,681,Yes,0
23.0,male,Associate,20044.0,3,OWN,6000.0,MEDICAL,7.9,0.3,2.0,618,No,1
23.0,female,Bachelor,20401.0,4,MORTGAGE,2275.0,DEBTCONSOLIDATION,13.06,0.11,4.0,573,Yes,0
23.0,female,High School,19859.0,0,OWN,2000.0,PERSONAL,6.39,0.1,3.0,491,Yes,0
23.0,male,Master,178660.0,2,RENT,25000.0,DEBTCONSOLIDATION,14.93,0.14,3.0,590,No,1
23.0,female,High School,20421.0,0,MORTGAGE,5600.0,MEDICAL,12.84,0.27,4.0,587,No,1
24.0,male,Master,20353.0,2,OWN,3625.0,VENTURE,17.14,0.18,2.0,648,No,1
22.0,male,Master,20297.0,0,MORTGAGE,5500.0,VENTURE,7.14,0.27,3.0,687,No,1
25.0,male,Bachelor,210932.0,0,RENT,25000.0,PERSONAL,8.9,0.12,2.0,621,No,0
22.0,female,High School,20405.0,0,OWN,2000.0,PERSONAL,12.42,0.1,3.0,590,Yes,0
24.0,male,Associate,223194.0,0,RENT,25000.0,HOMEIMPROVEMENT,12.68,0.11,2.0,676,Yes,0
25.0,female,Associate,195560.0,0,RENT,25000.0,PERSONAL,11.03,0.13,2.0,677,Yes,0
26.0,male,Bachelor,194140.0,6,RENT,30000.0,VENTURE,7.9,0.15,4.0,651,Yes,0
22.0,male,High School,193337.0,0,MORTGAGE,35000.0,MEDICAL,10.65,0.18,4.0,602,Yes,0
25.0,male,High School,270992.0,2,RENT,25000.0,VENTURE,11.86,0.09,4.0,652,No,0
25.0,male,Associate,20221.0,5,OWN,5000.0,PERSONAL,8.94,0.25,4.0,572,No,1
23.0,male,Bachelor,20678.0,0,OWN,4375.0,VENTURE,9.63,0.21,4.0,528,No,1
25.0,female,High School,60742.0,3,RENT,24750.0,PERSONAL,14.22,0.41,3.0,638,No,1
23.0,female,High School,72805.0,2,RENT,24750.0,DEBTCONSOLIDATION,9.33,0.34,3.0,655,No,1
24.0,male,Master,102011.0,3,RENT,24500.0,MEDICAL,13.85,0.24,4.0,627,Yes,0
22.0,male,High School,20896.0,0,MORTGAGE,2000.0,EDUCATION,10.65,0.1,2.0,596,No,0
24.0,female,Bachelor,111283.0,0,RENT,24500.0,MEDICAL,11.46,0.22,4.0,694,No,0
23.0,female,Associate,192873.0,0,MORTGAGE,35000.0,PERSONAL,7.66,0.18,2.0,684,Yes,0
24.0,female,Bachelor,193174.0,0,MORTGAGE,12000.0,VENTURE,16.77,0.06,4.0,547,No,0
25.0,female,Bachelor,193249.0,0,MORTGAGE,12000.0,PERSONAL,9.63,0.06,4.0,586,Yes,0
26.0,female,Bachelor,192954.0,5,RENT,25000.0,PERSONAL,12.23,0.13,4.0,694,No,0
25.0,male,Master,152227.0,2,MORTGAGE,10000.0,MEDICAL,14.09,0.07,4.0,639,No,1
25.0,female,Bachelor,65399.0,0,RENT,24250.0,PERSONAL,13.98,0.37,4.0,663,No,1
23.0,female,High School,75928.0,4,RENT,24250.0,EDUCATION,10.62,0.32,4.0,528,No,1
24.0,male,Bachelor,21627.0,0,MORTGAGE,3900.0,DEBTCONSOLIDATION,11.01,0.18,3.0,636,No,1
25.0,male,High School,83235.0,3,RENT,24250.0,PERSONAL,17.56,0.29,4.0,603,No,1
26.0,male,High School,68297.0,3,RENT,24250.0,MEDICAL,14.96,0.36,2.0,507,No,1
22.0,male,Master,89977.0,3,RENT,24250.0,DEBTCONSOLIDATION,15.65,0.27,2.0,692,No,1
24.0,female,Associate,79510.0,2,RENT,24250.0,MEDICAL,15.7,0.3,2.0,604,No,1
24.0,female,Bachelor,109050.0,5,RENT,24250.0,VENTURE,12.53,0.22,3.0,622,No,0
26.0,female,Bachelor,94635.0,2,RENT,24250.0,HOMEIMPROVEMENT,17.56,0.26,3.0,643,No,1
23.0,male,High School,120966.0,0,RENT,24250.0,PERSONAL,12.87,0.2,2.0,565,No,0
23.0,male,Master,124437.0,0,RENT,24250.0,PERSONAL,15.7,0.19,2.0,718,Yes,0
25.0,male,Bachelor,193147.0,3,MORTGAGE,9000.0,EDUCATION,11.01,0.05,3.0,625,Yes,0
25.0,male,Bachelor,192914.0,0,OWN,15000.0,VENTURE,11.14,0.08,4.0,614,Yes,0
24.0,female,Bachelor,192806.0,2,MORTGAGE,20000.0,VENTURE,16.0,0.1,3.0,690,Yes,0
23.0,male,High School,193097.0,0,MORTGAGE,25000.0,EDUCATION,15.65,0.13,2.0,564,Yes,0
26.0,female,Associate,193082.0,5,MORTGAGE,13750.0,DEBTCONSOLIDATION,11.01,0.07,4.0,579,Yes,0
21.0,female,High School,192841.0,1,MORTGAGE,15250.0,VENTURE,15.31,0.08,4.0,648,No,0
25.0,male,Master,193300.0,3,MORTGAGE,20000.0,VENTURE,13.47,0.1,2.0,531,Yes,0
22.0,male,Associate,21205.0,0,MORTGAGE,4750.0,HOMEIMPROVEMENT,13.85,0.22,2.0,658,No,1
25.0,female,Bachelor,135292.0,3,RENT,24250.0,PERSONAL,11.01,0.18,3.0,574,No,0
21.0,male,High School,21363.0,2,MORTGAGE,6000.0,VENTURE,10.39,0.28,4.0,671,No,1
25.0,male,High School,139035.0,7,RENT,24250.0,HOMEIMPROVEMENT,11.36,0.17,2.0,633,No,0
23.0,male,High School,173511.0,0,RENT,24250.0,EDUCATION,11.83,0.14,3.0,631,Yes,0
23.0,male,Associate,345520.0,0,RENT,24250.0,EDUCATION,12.53,0.07,3.0,652,Yes,0
22.0,female,Bachelor,130762.0,3,RENT,24150.0,HOMEIMPROVEMENT,14.96,0.18,3.0,683,No,1
22.0,female,Bachelor,52596.0,0,RENT,24000.0,DEBTCONSOLIDATION,13.85,0.46,3.0,693,No,1
23.0,female,Bachelor,57326.0,2,RENT,24000.0,VENTURE,11.58,0.42,4.0,603,No,1
24.0,female,High School,58262.0,1,RENT,24000.0,VENTURE,16.29,0.41,2.0,522,No,1
26.0,female,High School,58620.0,4,RENT,24000.0,MEDICAL,11.01,0.41,3.0,664,No,1
21.0,female,Master,55113.0,0,RENT,24000.0,EDUCATION,16.29,0.44,2.0,645,No,1
25.0,male,Bachelor,63361.0,2,RENT,24000.0,PERSONAL,10.74,0.38,2.0,592,No,1
22.0,female,Associate,22107.0,4,MORTGAGE,2250.0,EDUCATION,15.27,0.1,3.0,636,Yes,0
24.0,female,Bachelor,57356.0,3,RENT,24000.0,PERSONAL,17.8,0.42,2.0,672,No,1
22.0,female,Bachelor,21790.0,0,MORTGAGE,1000.0,VENTURE,11.36,0.05,2.0,686,Yes,0
22.0,female,High School,59680.0,0,RENT,24000.0,MEDICAL,17.56,0.4,4.0,590,No,1
26.0,female,Master,72720.0,2,RENT,24000.0,PERSONAL,7.9,0.33,4.0,636,No,1
25.0,female,High School,73024.0,5,RENT,24000.0,PERSONAL,10.99,0.33,4.0,580,No,1
22.0,male,Bachelor,73110.0,0,RENT,24000.0,PERSONAL,7.29,0.33,3.0,674,No,1
21.0,female,Associate,72902.0,0,RENT,24000.0,MEDICAL,10.75,0.33,2.0,601,No,1
26.0,female,High School,75416.0,4,RENT,24000.0,DEBTCONSOLIDATION,7.9,0.32,3.0,620,No,1
22.0,male,Master,75959.0,0,RENT,24000.0,EDUCATION,14.84,0.32,2.0,642,No,1
26.0,male,Associate,79222.0,7,RENT,24000.0,DEBTCONSOLIDATION,11.01,0.3,2.0,616,No,1
22.0,female,Associate,21824.0,0,MORTGAGE,4975.0,EDUCATION,11.01,0.23,3.0,588,No,1
23.0,male,High School,71875.0,1,RENT,24000.0,DEBTCONSOLIDATION,19.69,0.33,2.0,585,No,1
23.0,male,Bachelor,80313.0,1,RENT,24000.0,VENTURE,11.01,0.3,4.0,632,No,1
24.0,male,High School,72647.0,5,RENT,24000.0,VENTURE,14.96,0.33,4.0,556,No,1
25.0,male,Bachelor,80492.0,4,RENT,24000.0,EDUCATION,6.99,0.3,3.0,602,No,1
22.0,male,High School,75646.0,0,RENT,24000.0,PERSONAL,16.45,0.32,4.0,639,No,1
24.0,male,Associate,85223.0,3,RENT,24000.0,EDUCATION,10.99,0.28,4.0,603,No,1
23.0,male,Associate,89735.0,2,RENT,24000.0,DEBTCONSOLIDATION,10.99,0.27,2.0,689,No,1
22.0,male,High School,22364.0,4,OWN,3000.0,PERSONAL,7.9,0.13,4.0,672,No,1
22.0,female,Master,90780.0,2,RENT,24000.0,EDUCATION,12.69,0.26,4.0,499,No,1
24.0,male,Bachelor,90889.0,1,RENT,24000.0,MEDICAL,10.37,0.26,3.0,643,No,1
24.0,male,Bachelor,90911.0,2,RENT,24000.0,HOMEIMPROVEMENT,11.01,0.26,3.0,589,No,1
26.0,male,Master,83953.0,2,RENT,24000.0,DEBTCONSOLIDATION,15.83,0.29,3.0,646,No,1
23.0,male,Associate,94644.0,1,RENT,24000.0,PERSONAL,13.92,0.25,3.0,613,No,1
22.0,female,High School,22616.0,0,OWN,2000.0,VENTURE,11.49,0.09,3.0,567,No,0
24.0,female,Bachelor,96989.0,4,RENT,24000.0,MEDICAL,10.25,0.25,2.0,603,No,0
22.0,female,Associate,22867.0,3,OWN,3500.0,HOMEIMPROVEMENT,7.49,0.15,4.0,647,No,1
23.0,female,Master,22583.0,1,OWN,4000.0,EDUCATION,5.99,0.18,2.0,645,No,1
23.0,female,Bachelor,90900.0,0,RENT,24000.0,PERSONAL,12.92,0.26,2.0,672,No,1
26.0,female,Master,107641.0,6,RENT,24000.0,PERSONAL,11.58,0.22,3.0,648,No,0
25.0,male,High School,114870.0,4,RENT,24000.0,EDUCATION,8.9,0.21,2.0,653,No,0
22.0,male,Bachelor,100479.0,0,RENT,24000.0,DEBTCONSOLIDATION,19.69,0.24,3.0,590,No,1
25.0,female,Master,114958.0,2,RENT,24000.0,VENTURE,6.54,0.21,4.0,704,Yes,0
21.0,female,Master,22882.0,0,OWN,4900.0,HOMEIMPROVEMENT,14.54,0.21,4.0,674,No,1
21.0,female,Bachelor,22392.0,0,OWN,5000.0,EDUCATION,11.11,0.22,2.0,594,No,1
26.0,female,High School,120498.0,5,RENT,24000.0,PERSONAL,12.73,0.2,4.0,626,No,0
24.0,female,Master,132873.0,2,RENT,24000.0,VENTURE,15.62,0.18,4.0,701,Yes,0
24.0,male,Associate,22635.0,3,OWN,6250.0,HOMEIMPROVEMENT,6.54,0.28,4.0,602,No,1
22.0,female,Associate,118299.0,0,RENT,24000.0,DEBTCONSOLIDATION,11.01,0.2,2.0,503,No,1
26.0,female,Associate,125665.0,5,RENT,24000.0,DEBTCONSOLIDATION,20.0,0.19,4.0,657,No,1
22.0,female,High School,144904.0,0,RENT,24000.0,EDUCATION,9.91,0.17,4.0,638,No,0
24.0,female,Bachelor,144882.0,2,RENT,24000.0,VENTURE,12.69,0.17,4.0,646,Yes,0
26.0,male,Associate,130649.0,4,RENT,24000.0,EDUCATION,20.0,0.18,3.0,678,No,1
24.0,male,Master,149622.0,4,RENT,24000.0,PERSONAL,16.49,0.16,4.0,684,Yes,0
23.0,male,Bachelor,22957.0,1,MORTGAGE,2500.0,MEDICAL,15.95,0.11,2.0,594,No,1
24.0,male,Master,157225.0,1,RENT,24000.0,DEBTCONSOLIDATION,11.49,0.15,3.0,538,Yes,0
25.0,female,Bachelor,163004.0,3,RENT,24000.0,PERSONAL,10.99,0.15,2.0,662,No,0
24.0,male,High School,163035.0,2,RENT,24000.0,HOMEIMPROVEMENT,13.79,0.15,2.0,636,Yes,0
23.0,male,Master,138731.0,0,RENT,24000.0,MEDICAL,20.0,0.17,3.0,613,No,1
23.0,female,Associate,180804.0,1,RENT,24000.0,EDUCATION,7.49,0.13,4.0,573,Yes,0
23.0,male,Master,166378.0,0,RENT,24000.0,DEBTCONSOLIDATION,16.0,0.14,2.0,714,No,1
24.0,male,Associate,22684.0,0,OWN,13000.0,PERSONAL,7.88,0.57,3.0,640,No,1
21.0,male,Bachelor,22366.0,0,OWN,6250.0,VENTURE,10.62,0.28,4.0,637,No,1
26.0,female,High School,187161.0,7,RENT,24000.0,DEBTCONSOLIDATION,10.99,0.13,4.0,633,Yes,0
26.0,male,Bachelor,178439.0,0,RENT,24000.0,EDUCATION,18.3,0.13,2.0,615,No,1
26.0,male,Bachelor,204962.0,2,RENT,24000.0,DEBTCONSOLIDATION,11.01,0.12,2.0,552,Yes,0
21.0,male,Bachelor,22673.0,0,OWN,2500.0,PERSONAL,11.36,0.11,3.0,670,Yes,0
24.0,male,Associate,53633.0,4,RENT,23975.0,HOMEIMPROVEMENT,11.01,0.45,2.0,678,No,1
23.0,female,Master,144983.0,2,RENT,23750.0,MEDICAL,13.47,0.16,2.0,676,No,0
24.0,female,High School,67032.0,2,RENT,23600.0,PERSONAL,11.89,0.35,3.0,624,No,1
24.0,male,High School,22664.0,0,MORTGAGE,10000.0,DEBTCONSOLIDATION,12.18,0.44,2.0,649,No,1
25.0,male,High School,123299.0,0,RENT,23600.0,DEBTCONSOLIDATION,13.49,0.19,4.0,555,Yes,0
23.0,female,Associate,91275.0,0,RENT,23575.0,PERSONAL,14.5,0.26,4.0,613,No,1
22.0,male,Bachelor,22564.0,1,OWN,4000.0,MEDICAL,11.01,0.18,2.0,684,No,1
22.0,male,Bachelor,22786.0,0,OWN,5400.0,MEDICAL,15.31,0.24,2.0,647,No,1
25.0,male,High School,22450.0,4,MORTGAGE,4000.0,MEDICAL,11.01,0.18,3.0,580,No,1
21.0,female,Bachelor,22666.0,0,OWN,3375.0,VENTURE,11.01,0.15,2.0,630,No,1
22.0,male,Bachelor,81701.0,1,RENT,23400.0,VENTURE,7.49,0.29,2.0,589,No,1
22.0,male,High School,52984.0,0,RENT,23000.0,PERSONAL,11.01,0.43,3.0,621,No,1
25.0,female,Master,68579.0,1,RENT,23000.0,EDUCATION,11.01,0.34,2.0,665,No,1
23.0,female,Bachelor,73014.0,0,RENT,23000.0,VENTURE,12.18,0.32,4.0,668,No,1
24.0,female,Bachelor,22608.0,2,MORTGAGE,1200.0,VENTURE,11.34,0.05,4.0,615,Yes,0
25.0,female,High School,76932.0,2,RENT,23000.0,EDUCATION,9.91,0.3,3.0,604,No,1
24.0,male,High School,78955.0,1,RENT,23000.0,HOMEIMPROVEMENT,11.99,0.29,4.0,620,No,1
23.0,male,Master,82567.0,0,RENT,23000.0,EDUCATION,9.62,0.28,2.0,558,No,1
22.0,male,Bachelor,22466.0,0,OWN,3000.0,DEBTCONSOLIDATION,9.96,0.13,3.0,603,No,1
25.0,male,Bachelor,97251.0,2,RENT,23000.0,VENTURE,11.01,0.24,2.0,683,Yes,0
24.0,male,Associate,106607.0,1,RENT,23000.0,VENTURE,14.54,0.22,2.0,641,No,1
22.0,male,Bachelor,71385.0,0,RENT,22750.0,MEDICAL,11.36,0.32,4.0,521,No,1
23.0,female,Bachelor,84865.0,3,RENT,22500.0,DEBTCONSOLIDATION,14.27,0.27,2.0,655,No,1
24.0,male,Bachelor,22789.0,1,OWN,3000.0,HOMEIMPROVEMENT,11.99,0.13,3.0,663,No,1
26.0,female,Bachelor,84801.0,4,RENT,22500.0,EDUCATION,18.99,0.27,2.0,605,No,1
24.0,male,Bachelor,88421.0,4,RENT,22400.0,VENTURE,16.7,0.25,4.0,708,No,1
24.0,male,High School,23071.0,3,MORTGAGE,5000.0,PERSONAL,9.32,0.22,3.0,571,No,1
23.0,male,Bachelor,43042.0,1,RENT,22250.0,DEBTCONSOLIDATION,12.69,0.52,3.0,678,No,1
25.0,female,High School,53119.0,1,RENT,22000.0,HOMEIMPROVEMENT,13.11,0.41,2.0,597,No,1
25.0,male,Bachelor,63311.0,1,RENT,22000.0,PERSONAL,10.74,0.35,2.0,689,No,1
21.0,male,Bachelor,23597.0,0,MORTGAGE,4200.0,PERSONAL,14.11,0.18,4.0,675,No,1
22.0,female,High School,69308.0,1,RENT,22000.0,EDUCATION,9.63,0.32,3.0,591,No,1
25.0,female,High School,70598.0,5,RENT,22000.0,MEDICAL,14.65,0.31,2.0,616,No,1
23.0,female,High School,73044.0,0,RENT,22000.0,DEBTCONSOLIDATION,10.25,0.3,4.0,640,No,1
24.0,male,Bachelor,73043.0,0,RENT,22000.0,VENTURE,14.26,0.3,2.0,593,No,1
25.0,female,Bachelor,23627.0,4,MORTGAGE,3000.0,EDUCATION,9.91,0.13,2.0,649,No,1
26.0,male,Bachelor,68198.0,4,RENT,22000.0,MEDICAL,17.19,0.32,3.0,645,No,1
22.0,female,High School,85089.0,0,RENT,22000.0,EDUCATION,11.36,0.26,4.0,537,No,1
22.0,female,Bachelor,80358.0,0,RENT,22000.0,EDUCATION,11.01,0.27,2.0,635,No,1
23.0,female,Bachelor,90025.0,0,RENT,22000.0,DEBTCONSOLIDATION,10.59,0.24,3.0,640,Yes,0
24.0,female,Master,93232.0,2,RENT,22000.0,EDUCATION,9.25,0.24,2.0,625,No,0
22.0,female,Master,23497.0,0,OWN,3625.0,MEDICAL,8.49,0.15,3.0,557,No,1
26.0,male,Associate,93314.0,8,RENT,22000.0,VENTURE,6.54,0.24,3.0,643,No,0
21.0,female,Associate,23543.0,0,OWN,6000.0,MEDICAL,8.49,0.25,3.0,631,No,1
24.0,male,Bachelor,97038.0,0,RENT,22000.0,MEDICAL,11.01,0.23,4.0,653,Yes,0
26.0,female,Associate,100246.0,1,RENT,22000.0,VENTURE,12.69,0.22,2.0,623,Yes,0
24.0,female,Bachelor,23667.0,3,OWN,7400.0,MEDICAL,13.85,0.31,2.0,662,No,1
25.0,male,Associate,23719.0,2,OWN,4000.0,DEBTCONSOLIDATION,7.4,0.17,3.0,667,No,1
23.0,male,High School,101575.0,1,RENT,22000.0,DEBTCONSOLIDATION,11.71,0.22,4.0,586,No,0
25.0,female,Master,94168.0,3,RENT,22000.0,PERSONAL,11.48,0.23,3.0,719,No,1
25.0,male,Master,99394.0,1,RENT,22000.0,EDUCATION,17.51,0.22,2.0,646,No,1
21.0,male,High School,23504.0,0,MORTGAGE,3500.0,DEBTCONSOLIDATION,14.61,0.15,3.0,646,No,1
23.0,male,Bachelor,120500.0,3,RENT,22000.0,DEBTCONSOLIDATION,7.88,0.18,4.0,646,No,0
23.0,female,Bachelor,133195.0,1,RENT,22000.0,PERSONAL,11.01,0.17,3.0,643,Yes,0
22.0,male,Bachelor,24148.0,1,MORTGAGE,4950.0,PERSONAL,11.71,0.2,2.0,594,No,1
25.0,male,Bachelor,69353.0,1,RENT,21700.0,PERSONAL,11.99,0.31,2.0,664,No,1
24.0,male,High School,65946.0,0,RENT,21600.0,VENTURE,13.49,0.33,2.0,605,No,1
23.0,female,High School,68677.0,0,RENT,21600.0,MEDICAL,20.0,0.31,4.0,646,No,1
26.0,female,Associate,76687.0,3,RENT,21600.0,DEBTCONSOLIDATION,14.35,0.28,3.0,655,No,1
22.0,female,Bachelor,99087.0,0,RENT,21600.0,PERSONAL,13.61,0.22,3.0,597,No,0
22.0,male,High School,94523.0,0,RENT,21600.0,DEBTCONSOLIDATION,11.26,0.23,3.0,679,No,1
22.0,female,High School,24092.0,0,OWN,2400.0,VENTURE,10.59,0.1,3.0,654,No,0
24.0,female,Bachelor,135365.0,1,RENT,21600.0,MEDICAL,7.9,0.16,2.0,556,No,0
24.0,male,Associate,24420.0,2,MORTGAGE,7000.0,HOMEIMPROVEMENT,5.99,0.29,4.0,694,No,1
25.0,male,High School,23948.0,3,OWN,3000.0,EDUCATION,11.99,0.13,4.0,587,No,1
24.0,female,Associate,71718.0,2,RENT,21500.0,MEDICAL,16.89,0.3,3.0,620,No,1
24.0,female,Master,84999.0,0,RENT,21500.0,HOMEIMPROVEMENT,9.99,0.25,3.0,701,No,1
24.0,female,High School,140396.0,4,RENT,21500.0,EDUCATION,15.33,0.15,3.0,572,Yes,0
25.0,male,High School,73404.0,4,RENT,21450.0,EDUCATION,7.29,0.29,4.0,671,No,1
22.0,male,High School,38473.0,0,RENT,21250.0,DEBTCONSOLIDATION,12.42,0.55,3.0,599,No,1
25.0,male,Associate,57546.0,3,RENT,21250.0,VENTURE,10.99,0.37,2.0,610,No,1
25.0,male,Bachelor,62422.0,4,RENT,21250.0,VENTURE,6.91,0.34,2.0,588,No,1
22.0,male,Bachelor,23993.0,1,MORTGAGE,5000.0,DEBTCONSOLIDATION,14.17,0.21,2.0,691,No,1
22.0,male,High School,64732.0,0,RENT,21250.0,MEDICAL,10.25,0.33,3.0,645,No,1
26.0,male,Associate,23955.0,2,OWN,9250.0,EDUCATION,11.01,0.39,2.0,618,No,1
24.0,male,Bachelor,68154.0,2,RENT,21250.0,VENTURE,15.95,0.31,3.0,672,No,1
24.0,female,Associate,79138.0,2,RENT,21250.0,EDUCATION,15.95,0.27,4.0,650,No,1
21.0,male,High School,42536.0,0,RENT,21000.0,VENTURE,12.53,0.49,4.0,687,No,1
22.0,male,Associate,23888.0,0,MORTGAGE,1400.0,HOMEIMPROVEMENT,14.91,0.06,4.0,535,No,1
23.0,male,Associate,24013.0,0,MORTGAGE,3000.0,MEDICAL,11.01,0.12,4.0,604,No,1
26.0,female,Bachelor,48929.0,6,RENT,21000.0,MEDICAL,6.54,0.43,4.0,601,No,1
25.0,female,Associate,24121.0,1,OWN,1000.0,VENTURE,11.01,0.04,3.0,612,Yes,0
26.0,male,Bachelor,51379.0,5,RENT,21000.0,MEDICAL,17.26,0.41,4.0,666,No,1
23.0,male,High School,76364.0,0,RENT,21000.0,MEDICAL,11.36,0.27,2.0,645,No,1
26.0,male,Bachelor,24297.0,3,MORTGAGE,4000.0,VENTURE,7.51,0.16,4.0,678,No,1
22.0,female,Bachelor,71599.0,0,RENT,21000.0,PERSONAL,10.71,0.29,3.0,644,No,1
22.0,male,Associate,85496.0,1,RENT,21000.0,PERSONAL,13.98,0.25,4.0,614,Yes,0
26.0,female,Associate,79163.0,3,RENT,21000.0,DEBTCONSOLIDATION,14.09,0.27,3.0,627,No,1
22.0,male,Master,90944.0,0,RENT,21000.0,EDUCATION,10.0,0.23,3.0,523,Yes,0
22.0,female,Master,23973.0,0,MORTGAGE,5000.0,MEDICAL,15.33,0.21,3.0,571,No,1
25.0,female,High School,75181.0,4,RENT,21000.0,MEDICAL,16.32,0.28,4.0,546,No,1
24.0,female,Associate,95767.0,2,RENT,21000.0,HOMEIMPROVEMENT,7.9,0.22,2.0,640,No,0
23.0,female,Master,96788.0,1,RENT,21000.0,MEDICAL,11.99,0.22,3.0,648,Yes,0
24.0,male,High School,101708.0,2,RENT,21000.0,MEDICAL,10.75,0.21,4.0,593,No,0
26.0,male,Associate,103023.0,4,RENT,21000.0,HOMEIMPROVEMENT,13.92,0.2,3.0,658,Yes,0
22.0,male,Bachelor,113027.0,2,RENT,21000.0,EDUCATION,9.91,0.19,3.0,701,No,0
26.0,female,Bachelor,98366.0,4,RENT,21000.0,EDUCATION,16.95,0.21,3.0,702,No,1
26.0,male,Associate,117668.0,0,RENT,21000.0,EDUCATION,7.9,0.18,3.0,711,Yes,0
26.0,male,Bachelor,117297.0,4,RENT,21000.0,EDUCATION,11.01,0.18,3.0,570,Yes,0
25.0,female,Associate,120885.0,4,RENT,21000.0,PERSONAL,16.49,0.17,3.0,637,No,1
26.0,female,Associate,24183.0,5,OTHER,7500.0,PERSONAL,11.97,0.31,2.0,621,No,1
21.0,male,High School,23664.0,1,MORTGAGE,6250.0,DEBTCONSOLIDATION,6.17,0.26,3.0,637,No,1
26.0,male,Associate,150692.0,7,RENT,21000.0,HOMEIMPROVEMENT,8.9,0.14,2.0,534,No,0
25.0,female,High School,151100.0,2,RENT,21000.0,EDUCATION,12.99,0.14,3.0,577,Yes,0
23.0,male,Bachelor,99197.0,1,RENT,20900.0,PERSONAL,12.69,0.21,2.0,638,No,0
21.0,female,Associate,24468.0,0,MORTGAGE,15000.0,EDUCATION,9.64,0.61,2.0,548,No,1
26.0,female,High School,61015.0,2,RENT,20500.0,VENTURE,7.49,0.34,3.0,676,No,1
23.0,male,Associate,84845.0,0,RENT,20500.0,EDUCATION,13.16,0.24,3.0,641,No,0
22.0,female,Associate,24872.0,0,OWN,2100.0,EDUCATION,8.38,0.08,4.0,630,Yes,0
123.0,female,High School,97140.0,101,RENT,20400.0,EDUCATION,10.25,0.21,3.0,805,Yes,0
23.0,male,Bachelor,65613.0,0,RENT,20375.0,PERSONAL,7.49,0.31,2.0,518,No,1
26.0,male,High School,32325.0,4,RENT,20050.0,EDUCATION,9.76,0.62,2.0,652,No,1
24.0,female,Associate,40881.0,0,RENT,20000.0,DEBTCONSOLIDATION,10.99,0.49,3.0,600,No,1
23.0,male,Associate,24766.0,0,OWN,5000.0,PERSONAL,11.71,0.2,4.0,649,No,0
22.0,female,Associate,24995.0,0,OWN,9250.0,PERSONAL,10.65,0.37,4.0,576,Yes,0
24.0,male,Master,43287.0,0,RENT,20000.0,MEDICAL,12.53,0.46,4.0,600,No,1
25.0,male,Bachelor,46375.0,2,RENT,20000.0,MEDICAL,14.59,0.43,4.0,654,No,1
23.0,female,High School,39416.0,0,RENT,20000.0,DEBTCONSOLIDATION,12.61,0.51,4.0,593,No,1
25.0,male,Associate,46636.0,2,RENT,20000.0,MEDICAL,13.11,0.43,2.0,614,No,1
23.0,male,Associate,25168.0,0,MORTGAGE,6400.0,MEDICAL,10.65,0.25,4.0,638,No,0
25.0,male,Bachelor,47473.0,3,RENT,20000.0,PERSONAL,11.22,0.42,4.0,633,No,1
23.0,female,High School,40632.0,0,RENT,20000.0,EDUCATION,16.0,0.49,2.0,649,No,1
25.0,female,Associate,41468.0,2,RENT,20000.0,HOMEIMPROVEMENT,8.88,0.48,4.0,591,No,1
24.0,male,High School,48897.0,2,RENT,20000.0,PERSONAL,12.53,0.41,3.0,656,No,1
21.0,male,Bachelor,44226.0,0,RENT,20000.0,MEDICAL,11.01,0.45,2.0,637,No,1
26.0,male,Bachelor,25012.0,3,MORTGAGE,4800.0,MEDICAL,5.99,0.19,3.0,682,Yes,0
25.0,male,Associate,51210.0,4,RENT,20000.0,EDUCATION,13.47,0.39,4.0,645,No,1
22.0,male,High School,51305.0,1,RENT,20000.0,VENTURE,6.99,0.39,4.0,602,No,1
25.0,male,Bachelor,25295.0,3,OWN,5650.0,PERSONAL,15.99,0.22,2.0,637,Yes,0
23.0,female,Associate,24930.0,0,MORTGAGE,3625.0,EDUCATION,11.01,0.15,3.0,662,Yes,0
22.0,male,High School,45716.0,0,RENT,20000.0,DEBTCONSOLIDATION,16.69,0.44,3.0,447,No,1
25.0,male,Bachelor,46683.0,3,RENT,20000.0,MEDICAL,11.11,0.43,4.0,636,No,1
22.0,female,Associate,54870.0,0,RENT,20000.0,EDUCATION,7.9,0.36,4.0,631,No,1
23.0,male,Associate,55291.0,3,RENT,20000.0,PERSONAL,10.25,0.36,2.0,632,No,1
24.0,female,High School,54919.0,4,RENT,20000.0,MEDICAL,11.01,0.36,2.0,670,No,1
23.0,female,Bachelor,25141.0,0,OWN,1200.0,MEDICAL,7.49,0.05,3.0,700,No,0
22.0,male,High School,54899.0,0,RENT,20000.0,DEBTCONSOLIDATION,13.92,0.36,3.0,650,No,1
24.0,male,Associate,47903.0,0,RENT,20000.0,MEDICAL,14.74,0.42,2.0,665,No,1
24.0,male,Associate,56744.0,0,RENT,20000.0,EDUCATION,10.62,0.35,2.0,582,No,1
22.0,male,Associate,58440.0,0,RENT,20000.0,VENTURE,10.65,0.34,3.0,656,No,1
22.0,female,Associate,51628.0,0,RENT,20000.0,PERSONAL,12.99,0.39,3.0,635,No,1
22.0,male,High School,58859.0,1,RENT,20000.0,VENTURE,11.36,0.34,4.0,672,No,1
22.0,female,Associate,24521.0,0,OWN,7500.0,EDUCATION,5.79,0.31,4.0,612,Yes,0
23.0,female,Master,60235.0,4,RENT,20000.0,EDUCATION,6.54,0.33,4.0,615,No,1
25.0,female,Master,25654.0,6,MORTGAGE,4000.0,VENTURE,5.79,0.16,2.0,725,No,0
25.0,female,Bachelor,61114.0,1,RENT,20000.0,DEBTCONSOLIDATION,7.49,0.33,3.0,639,No,1
25.0,female,Bachelor,60990.0,1,RENT,20000.0,EDUCATION,13.43,0.33,2.0,691,No,1
22.0,female,Bachelor,61072.0,0,RENT,20000.0,DEBTCONSOLIDATION,13.22,0.33,2.0,681,No,1
22.0,male,Associate,25229.0,1,OWN,5000.0,VENTURE,14.72,0.2,3.0,604,Yes,0
22.0,female,Associate,53980.0,0,RENT,20000.0,EDUCATION,15.68,0.37,4.0,688,No,1
24.0,male,Bachelor,61918.0,2,RENT,20000.0,MEDICAL,11.01,0.32,3.0,672,No,1
25.0,female,Bachelor,62299.0,3,RENT,20000.0,HOMEIMPROVEMENT,11.48,0.32,3.0,680,No,1
24.0,male,Master,62192.0,3,RENT,20000.0,VENTURE,10.38,0.32,3.0,640,No,1
22.0,male,Bachelor,62045.0,0,RENT,20000.0,EDUCATION,12.53,0.32,3.0,629,No,1
22.0,male,Bachelor,62350.0,1,RENT,20000.0,EDUCATION,13.47,0.32,2.0,677,No,1
24.0,female,Associate,62508.0,0,RENT,20000.0,VENTURE,12.21,0.32,4.0,571,No,1
25.0,male,High School,63607.0,2,RENT,20000.0,VENTURE,10.99,0.31,3.0,647,No,1
25.0,male,Associate,63921.0,3,RENT,20000.0,EDUCATION,11.36,0.31,4.0,568,No,1
22.0,male,Bachelor,56273.0,0,RENT,20000.0,DEBTCONSOLIDATION,16.0,0.36,4.0,700,No,1
26.0,male,Bachelor,24569.0,4,MORTGAGE,1500.0,PERSONAL,7.74,0.06,3.0,570,Yes,0
24.0,male,High School,63481.0,3,RENT,20000.0,EDUCATION,15.65,0.32,2.0,633,No,1
25.0,male,High School,56451.0,0,RENT,20000.0,DEBTCONSOLIDATION,11.78,0.35,2.0,646,No,1
24.0,female,Associate,63897.0,0,RENT,20000.0,HOMEIMPROVEMENT,11.01,0.31,3.0,614,No,1
22.0,female,High School,57193.0,0,RENT,20000.0,MEDICAL,16.77,0.35,3.0,532,No,1
22.0,male,Associate,65874.0,0,RENT,20000.0,EDUCATION,9.91,0.3,4.0,617,No,1
23.0,female,Associate,58705.0,3,RENT,20000.0,MEDICAL,15.65,0.34,4.0,603,No,1
23.0,male,High School,58236.0,2,RENT,20000.0,MEDICAL,14.96,0.34,3.0,588,No,1
23.0,male,Associate,65738.0,0,RENT,20000.0,VENTURE,11.83,0.3,4.0,668,No,1
24.0,male,High School,59765.0,2,RENT,20000.0,MEDICAL,11.66,0.33,4.0,643,No,1
26.0,male,High School,67019.0,2,RENT,20000.0,EDUCATION,12.18,0.3,4.0,639,No,1
24.0,female,Associate,67265.0,2,RENT,20000.0,HOMEIMPROVEMENT,6.91,0.3,2.0,525,No,1
25.0,male,Bachelor,66906.0,3,RENT,20000.0,DEBTCONSOLIDATION,6.91,0.3,3.0,666,No,1
26.0,female,Associate,59603.0,7,RENT,20000.0,HOMEIMPROVEMENT,19.79,0.34,3.0,642,No,1
25.0,male,High School,67174.0,2,RENT,20000.0,VENTURE,9.88,0.3,4.0,646,No,1
22.0,female,Associate,24993.0,1,MORTGAGE,16600.0,PERSONAL,9.76,0.66,3.0,634,Yes,0
23.0,male,Associate,66844.0,0,RENT,20000.0,DEBTCONSOLIDATION,12.53,0.3,2.0,655,No,1
25.0,female,Associate,67482.0,6,RENT,20000.0,VENTURE,11.01,0.3,4.0,682,No,1
23.0,male,High School,24853.0,0,MORTGAGE,7125.0,PERSONAL,6.99,0.29,2.0,631,Yes,0
23.0,male,Master,69387.0,2,RENT,20000.0,EDUCATION,16.89,0.29,2.0,600,No,1
22.0,female,High School,62379.0,0,RENT,20000.0,PERSONAL,17.49,0.32,4.0,641,No,1
23.0,male,Bachelor,24853.0,0,MORTGAGE,2500.0,EDUCATION,16.82,0.1,2.0,524,Yes,0
26.0,male,Associate,24751.0,2,MORTGAGE,3600.0,HOMEIMPROVEMENT,11.01,0.15,2.0,669,Yes,0
22.0,female,Associate,70529.0,1,RENT,20000.0,DEBTCONSOLIDATION,13.11,0.28,2.0,593,No,1
23.0,female,Associate,71255.0,2,RENT,20000.0,DEBTCONSOLIDATION,7.66,0.28,3.0,654,No,1
26.0,male,Master,71761.0,3,RENT,20000.0,MEDICAL,6.17,0.28,3.0,665,No,1
26.0,male,Bachelor,64550.0,8,RENT,20000.0,PERSONAL,16.35,0.31,4.0,649,No,1
23.0,female,Bachelor,72969.0,1,RENT,20000.0,MEDICAL,7.9,0.27,2.0,579,No,1
24.0,female,Bachelor,66060.0,4,RENT,20000.0,VENTURE,16.49,0.3,2.0,671,No,1
21.0,male,Bachelor,25666.0,0,OWN,3550.0,VENTURE,11.01,0.14,4.0,693,Yes,0
26.0,male,Associate,25229.0,3,MORTGAGE,7000.0,HOMEIMPROVEMENT,8.0,0.28,2.0,626,Yes,0
24.0,female,Master,72762.0,6,RENT,20000.0,PERSONAL,10.99,0.27,2.0,677,No,1
24.0,male,Master,25451.0,3,OWN,7750.0,VENTURE,6.91,0.3,3.0,594,No,0
25.0,female,Bachelor,65742.0,1,RENT,20000.0,PERSONAL,8.88,0.3,3.0,592,No,1
24.0,male,Bachelor,73352.0,1,RENT,20000.0,VENTURE,11.01,0.27,4.0,583,No,1
23.0,male,Master,65733.0,0,RENT,20000.0,DEBTCONSOLIDATION,14.84,0.3,3.0,592,No,1
23.0,male,Associate,65802.0,3,RENT,20000.0,PERSONAL,11.12,0.3,2.0,628,No,1
22.0,male,Bachelor,72562.0,1,RENT,20000.0,EDUCATION,7.88,0.28,3.0,567,No,1
25.0,female,Associate,73028.0,1,RENT,20000.0,EDUCATION,11.01,0.27,2.0,654,No,1
22.0,male,Associate,25537.0,0,MORTGAGE,6000.0,EDUCATION,15.99,0.23,4.0,623,No,0
24.0,male,Associate,25526.0,1,MORTGAGE,5500.0,DEBTCONSOLIDATION,10.99,0.22,4.0,661,Yes,0
25.0,male,Bachelor,73266.0,1,RENT,20000.0,EDUCATION,11.01,0.27,3.0,658,No,1
25.0,male,High School,65555.0,1,RENT,20000.0,PERSONAL,15.65,0.31,3.0,667,No,1
24.0,female,High School,65678.0,4,RENT,20000.0,PERSONAL,17.04,0.3,3.0,602,No,1
23.0,female,Bachelor,73286.0,3,RENT,20000.0,EDUCATION,12.21,0.27,2.0,687,No,1
21.0,male,Associate,25416.0,1,OWN,1275.0,EDUCATION,15.23,0.05,3.0,626,Yes,0
25.0,female,High School,65967.0,6,RENT,20000.0,DEBTCONSOLIDATION,14.11,0.3,4.0,662,No,1
24.0,female,High School,73202.0,1,RENT,20000.0,PERSONAL,11.14,0.27,2.0,536,No,1
21.0,male,Associate,25710.0,0,OWN,2400.0,MEDICAL,11.49,0.09,4.0,623,No,0
24.0,female,Bachelor,73058.0,3,RENT,20000.0,PERSONAL,13.87,0.27,4.0,647,No,1
26.0,male,High School,72650.0,3,RENT,20000.0,HOMEIMPROVEMENT,10.08,0.28,4.0,606,No,1
23.0,male,High School,66301.0,2,RENT,20000.0,PERSONAL,16.7,0.3,4.0,645,No,1
24.0,male,High School,66951.0,2,RENT,20000.0,VENTURE,18.64,0.3,2.0,632,No,1
24.0,female,Bachelor,73899.0,0,RENT,20000.0,HOMEIMPROVEMENT,12.18,0.27,4.0,634,No,1
22.0,male,High School,25644.0,2,OWN,3800.0,DEBTCONSOLIDATION,11.01,0.15,3.0,645,No,0
25.0,female,High School,75578.0,2,RENT,20000.0,MEDICAL,6.54,0.26,3.0,574,No,1
24.0,male,High School,68349.0,3,RENT,20000.0,EDUCATION,14.61,0.29,4.0,576,No,1
21.0,female,Bachelor,68120.0,0,RENT,20000.0,VENTURE,17.39,0.29,3.0,664,No,1
24.0,male,High School,75484.0,2,RENT,20000.0,HOMEIMPROVEMENT,11.12,0.26,2.0,562,No,1
25.0,female,Bachelor,75802.0,2,RENT,20000.0,VENTURE,11.48,0.26,2.0,637,No,1
25.0,female,Master,76733.0,2,RENT,20000.0,MEDICAL,12.42,0.26,3.0,656,No,1
26.0,male,Bachelor,70484.0,4,RENT,20000.0,DEBTCONSOLIDATION,10.25,0.28,2.0,590,No,1
23.0,female,Bachelor,78886.0,1,RENT,20000.0,MEDICAL,10.65,0.25,3.0,653,No,1
24.0,female,Associate,25992.0,3,OWN,5000.0,PERSONAL,16.29,0.19,3.0,612,No,0
23.0,female,Bachelor,79348.0,0,RENT,20000.0,MEDICAL,10.37,0.25,2.0,703,No,1
23.0,male,Bachelor,78597.0,1,RENT,20000.0,VENTURE,11.49,0.25,3.0,596,No,1
24.0,male,High School,26216.0,0,OWN,10000.0,VENTURE,10.59,0.38,4.0,586,Yes,0
25.0,male,Master,26133.0,4,OWN,5375.0,VENTURE,13.49,0.21,2.0,650,Yes,0
26.0,female,Bachelor,71856.0,6,RENT,20000.0,PERSONAL,11.01,0.28,4.0,610,No,1
23.0,male,Master,72259.0,2,RENT,20000.0,EDUCATION,12.29,0.28,4.0,650,No,1
21.0,female,Bachelor,25869.0,0,MORTGAGE,3500.0,DEBTCONSOLIDATION,17.27,0.14,2.0,579,No,1
26.0,male,Associate,79098.0,2,RENT,20000.0,DEBTCONSOLIDATION,11.99,0.25,2.0,534,No,1
25.0,female,Associate,71754.0,4,RENT,20000.0,PERSONAL,14.84,0.28,2.0,540,No,1
23.0,male,High School,71688.0,0,RENT,20000.0,DEBTCONSOLIDATION,10.83,0.28,2.0,584,No,1
23.0,female,Associate,79539.0,5,RENT,20000.0,DEBTCONSOLIDATION,13.22,0.25,2.0,584,No,1
22.0,female,High School,81282.0,1,RENT,20000.0,EDUCATION,12.18,0.25,2.0,639,No,0
23.0,male,Bachelor,81580.0,1,RENT,20000.0,MEDICAL,11.11,0.25,2.0,607,Yes,0
24.0,female,Master,81639.0,4,RENT,20000.0,HOMEIMPROVEMENT,13.48,0.24,2.0,681,No,0
26.0,male,High School,82432.0,6,RENT,20000.0,EDUCATION,10.75,0.24,4.0,710,No,0
25.0,male,High School,82737.0,4,RENT,20000.0,PERSONAL,12.53,0.24,4.0,634,Yes,0
24.0,male,High School,75890.0,2,RENT,20000.0,DEBTCONSOLIDATION,14.84,0.26,4.0,595,No,1
23.0,male,Bachelor,84428.0,1,RENT,20000.0,VENTURE,17.74,0.24,2.0,707,Yes,0
25.0,male,Bachelor,85061.0,1,RENT,20000.0,HOMEIMPROVEMENT,9.99,0.24,2.0,627,Yes,0
22.0,male,Bachelor,84791.0,0,RENT,20000.0,PERSONAL,6.91,0.24,4.0,592,Yes,0
25.0,female,Bachelor,77982.0,6,RENT,20000.0,HOMEIMPROVEMENT,11.01,0.26,4.0,699,No,1
25.0,male,High School,86325.0,2,RENT,20000.0,PERSONAL,14.09,0.23,2.0,566,Yes,0
22.0,male,High School,26244.0,0,MORTGAGE,3000.0,DEBTCONSOLIDATION,11.49,0.11,3.0,667,Yes,0
23.0,female,High School,86183.0,1,RENT,20000.0,EDUCATION,14.09,0.23,3.0,638,No,0
23.0,female,Associate,67625.0,0,RENT,20000.0,MEDICAL,15.2,0.3,4.0,620,No,1
24.0,male,High School,87261.0,1,RENT,20000.0,MEDICAL,11.83,0.23,2.0,667,Yes,0
24.0,female,Bachelor,25826.0,4,OTHER,6000.0,PERSONAL,12.21,0.23,2.0,655,No,0
23.0,male,Associate,80180.0,0,RENT,20000.0,VENTURE,14.11,0.25,3.0,666,No,1
22.0,male,High School,80179.0,0,RENT,20000.0,DEBTCONSOLIDATION,14.42,0.25,2.0,655,No,1
24.0,male,High School,87458.0,3,RENT,20000.0,HOMEIMPROVEMENT,14.74,0.23,3.0,604,Yes,0
24.0,female,Master,89922.0,0,RENT,20000.0,HOMEIMPROVEMENT,12.69,0.22,3.0,672,Yes,0
22.0,female,Bachelor,26137.0,0,MORTGAGE,1625.0,DEBTCONSOLIDATION,16.89,0.06,3.0,596,No,1
25.0,male,High School,91179.0,0,RENT,20000.0,DEBTCONSOLIDATION,11.01,0.22,4.0,658,Yes,0
21.0,male,Associate,26112.0,0,MORTGAGE,4500.0,HOMEIMPROVEMENT,11.01,0.17,2.0,608,No,1
25.0,male,Bachelor,26559.0,2,MORTGAGE,8500.0,VENTURE,9.63,0.32,4.0,686,Yes,0
24.0,female,Associate,91001.0,0,RENT,20000.0,HOMEIMPROVEMENT,8.88,0.22,3.0,687,No,0
26.0,female,Bachelor,90978.0,3,RENT,20000.0,MEDICAL,6.91,0.22,4.0,652,Yes,0
26.0,female,Bachelor,90805.0,4,RENT,20000.0,EDUCATION,11.01,0.22,3.0,603,No,0
25.0,female,Associate,91130.0,0,RENT,20000.0,PERSONAL,10.38,0.22,3.0,622,Yes,0
22.0,male,High School,83759.0,1,RENT,20000.0,DEBTCONSOLIDATION,10.99,0.24,4.0,660,No,1
22.0,male,Master,91033.0,1,RENT,20000.0,VENTURE,11.01,0.22,2.0,572,Yes,0
21.0,female,Bachelor,26887.0,0,MORTGAGE,7575.0,PERSONAL,11.01,0.28,3.0,641,Yes,0
26.0,female,Bachelor,26792.0,4,OWN,5200.0,EDUCATION,12.42,0.19,3.0,674,No,0
24.0,male,Bachelor,83573.0,1,RENT,20000.0,HOMEIMPROVEMENT,14.82,0.24,4.0,693,No,1
23.0,female,Bachelor,91541.0,4,RENT,20000.0,PERSONAL,16.32,0.22,3.0,628,No,0
23.0,female,Associate,72279.0,2,RENT,20000.0,MEDICAL,16.0,0.28,3.0,688,No,1
23.0,male,Associate,92304.0,0,RENT,20000.0,MEDICAL,10.37,0.22,3.0,635,Yes,0
26.0,male,Master,85207.0,2,RENT,20000.0,DEBTCONSOLIDATION,13.16,0.23,3.0,662,No,1
24.0,female,Associate,85232.0,5,RENT,20000.0,VENTURE,14.88,0.23,4.0,652,No,1
22.0,female,Associate,93127.0,2,RENT,20000.0,DEBTCONSOLIDATION,13.98,0.21,4.0,619,Yes,0
26.0,male,Master,86320.0,2,RENT,20000.0,HOMEIMPROVEMENT,13.36,0.23,2.0,655,No,1
21.0,female,High School,26946.0,0,OWN,7125.0,VENTURE,6.99,0.26,3.0,653,No,0
22.0,female,High School,26711.0,0,MORTGAGE,4025.0,EDUCATION,5.42,0.15,4.0,565,Yes,0
24.0,male,Bachelor,26769.0,2,MORTGAGE,8000.0,MEDICAL,5.42,0.3,2.0,613,Yes,0
26.0,female,Bachelor,94812.0,4,RENT,20000.0,HOMEIMPROVEMENT,13.85,0.21,4.0,663,No,0
22.0,female,Associate,27119.0,0,MORTGAGE,4000.0,PERSONAL,12.99,0.15,2.0,540,Yes,0
26.0,male,Bachelor,27046.0,5,OWN,4200.0,MEDICAL,9.99,0.16,3.0,598,Yes,0
22.0,female,Bachelor,26902.0,4,MORTGAGE,1400.0,VENTURE,11.01,0.05,2.0,653,Yes,0
123.0,male,Bachelor,94723.0,100,RENT,20000.0,VENTURE,11.01,0.21,4.0,714,Yes,0
23.0,female,High School,74473.0,0,RENT,20000.0,MEDICAL,11.14,0.27,2.0,460,No,1
21.0,male,Bachelor,27072.0,0,MORTGAGE,3800.0,DEBTCONSOLIDATION,5.99,0.14,2.0,643,No,0
24.0,female,Master,87447.0,6,RENT,20000.0,DEBTCONSOLIDATION,11.01,0.23,4.0,632,No,1
23.0,female,High School,94310.0,0,RENT,20000.0,VENTURE,11.58,0.21,3.0,578,No,0
23.0,male,Master,95354.0,2,RENT,20000.0,MEDICAL,13.85,0.21,4.0,642,Yes,0
23.0,male,Master,96236.0,0,RENT,20000.0,EDUCATION,16.89,0.21,4.0,688,No,0
23.0,male,Master,96969.0,2,RENT,20000.0,MEDICAL,7.9,0.21,4.0,696,No,0
23.0,female,Associate,27201.0,0,OWN,6000.0,VENTURE,12.68,0.22,4.0,527,Yes,0
22.0,male,Associate,76808.0,0,RENT,20000.0,MEDICAL,14.91,0.26,4.0,611,No,1
24.0,male,High School,97157.0,0,RENT,20000.0,VENTURE,13.06,0.21,4.0,545,Yes,0
25.0,male,High School,96773.0,3,RENT,20000.0,EDUCATION,8.88,0.21,4.0,644,Yes,0
23.0,male,Bachelor,26954.0,0,MORTGAGE,2000.0,EDUCATION,6.17,0.07,4.0,511,Yes,0
22.0,female,High School,96673.0,1,RENT,20000.0,EDUCATION,13.98,0.21,4.0,616,Yes,0
22.0,male,High School,26872.0,3,OWN,8500.0,VENTURE,6.54,0.32,4.0,656,No,0
26.0,male,Bachelor,76420.0,2,RENT,20000.0,MEDICAL,13.85,0.26,3.0,656,No,1
26.0,female,Associate,27097.0,2,MORTGAGE,1000.0,HOMEIMPROVEMENT,10.36,0.04,3.0,581,Yes,0
25.0,male,High School,89914.0,7,RENT,20000.0,PERSONAL,15.95,0.22,4.0,477,No,1
25.0,male,Associate,96778.0,2,RENT,20000.0,HOMEIMPROVEMENT,14.26,0.21,4.0,664,No,0
23.0,female,High School,97783.0,0,RENT,20000.0,MEDICAL,11.71,0.2,2.0,563,Yes,0
22.0,female,Bachelor,98255.0,0,RENT,20000.0,DEBTCONSOLIDATION,13.49,0.2,4.0,623,Yes,0
24.0,male,Master,26747.0,1,MORTGAGE,2000.0,DEBTCONSOLIDATION,14.84,0.07,2.0,704,No,1
22.0,female,Bachelor,99459.0,0,RENT,20000.0,EDUCATION,11.01,0.2,2.0,691,No,0
23.0,female,Associate,92036.0,2,RENT,20000.0,HOMEIMPROVEMENT,15.05,0.22,4.0,648,No,1
22.0,male,Master,93070.0,0,RENT,20000.0,EDUCATION,13.79,0.21,4.0,662,No,1
24.0,female,High School,101201.0,6,RENT,20000.0,EDUCATION,13.48,0.2,3.0,569,No,0
26.0,female,Bachelor,26764.0,4,OWN,3000.0,VENTURE,6.76,0.11,2.0,642,No,0
23.0,male,Master,102232.0,1,RENT,20000.0,PERSONAL,11.11,0.2,4.0,663,Yes,0
25.0,female,Bachelor,101849.0,3,RENT,20000.0,EDUCATION,13.92,0.2,2.0,627,Yes,0
23.0,female,Bachelor,26678.0,1,OWN,4400.0,EDUCATION,12.53,0.16,2.0,610,Yes,0
21.0,male,Bachelor,27041.0,0,MORTGAGE,10000.0,DEBTCONSOLIDATION,11.14,0.37,2.0,534,Yes,0
24.0,female,Master,95807.0,5,RENT,20000.0,HOMEIMPROVEMENT,14.11,0.21,2.0,678,No,1
23.0,female,Bachelor,103275.0,0,RENT,20000.0,MEDICAL,7.49,0.19,2.0,597,Yes,0
25.0,male,High School,103166.0,3,RENT,20000.0,DEBTCONSOLIDATION,10.25,0.19,3.0,653,Yes,0
26.0,male,Bachelor,88672.0,2,RENT,20000.0,PERSONAL,12.53,0.23,2.0,571,No,1
21.0,female,High School,27289.0,0,MORTGAGE,1500.0,PERSONAL,11.86,0.05,3.0,659,Yes,0
23.0,male,Bachelor,27174.0,0,OWN,9000.0,VENTURE,7.88,0.33,3.0,619,Yes,0
25.0,female,Associate,102975.0,0,RENT,20000.0,HOMEIMPROVEMENT,11.01,0.19,2.0,663,No,0
24.0,male,Associate,27558.0,0,MORTGAGE,4000.0,VENTURE,11.01,0.15,2.0,621,Yes,0
22.0,female,Associate,105649.0,1,RENT,20000.0,DEBTCONSOLIDATION,13.85,0.19,4.0,575,Yes,0
23.0,male,High School,27887.0,0,OWN,6000.0,PERSONAL,13.23,0.22,4.0,477,Yes,0
22.0,female,Associate,109017.0,1,RENT,20000.0,PERSONAL,11.01,0.18,4.0,639,Yes,0
23.0,male,High School,94566.0,1,RENT,20000.0,HOMEIMPROVEMENT,18.25,0.21,2.0,611,No,1
24.0,female,Bachelor,109178.0,1,RENT,20000.0,DEBTCONSOLIDATION,6.54,0.18,3.0,630,No,0
23.0,male,Master,108836.0,0,RENT,20000.0,MEDICAL,11.49,0.18,4.0,560,Yes,0
26.0,male,Master,109089.0,5,RENT,20000.0,MEDICAL,11.49,0.18,3.0,537,Yes,0
22.0,female,Bachelor,27472.0,1,MORTGAGE,7000.0,EDUCATION,11.71,0.25,2.0,694,No,0
23.0,male,Master,109061.0,0,RENT,20000.0,DEBTCONSOLIDATION,13.57,0.18,4.0,657,Yes,0
25.0,male,High School,110319.0,1,RENT,20000.0,EDUCATION,14.35,0.18,3.0,572,Yes,0
26.0,male,Bachelor,27309.0,1,MORTGAGE,3825.0,DEBTCONSOLIDATION,10.65,0.14,4.0,618,Yes,0
22.0,female,Bachelor,111365.0,1,RENT,20000.0,VENTURE,15.65,0.18,2.0,649,No,0
22.0,male,Associate,27358.0,0,MORTGAGE,6500.0,VENTURE,11.01,0.24,4.0,496,Yes,0
25.0,female,Bachelor,27570.0,0,MORTGAGE,5875.0,EDUCATION,6.62,0.21,2.0,680,No,1
25.0,male,Associate,111834.0,1,RENT,20000.0,MEDICAL,9.25,0.18,2.0,606,Yes,0
22.0,male,High School,27122.0,2,MORTGAGE,2400.0,MEDICAL,11.71,0.09,3.0,612,Yes,0
24.0,male,Bachelor,27730.0,0,MORTGAGE,8000.0,PERSONAL,5.42,0.29,4.0,477,Yes,0
26.0,female,Bachelor,113057.0,0,RENT,20000.0,DEBTCONSOLIDATION,9.45,0.18,4.0,606,Yes,0
23.0,male,Bachelor,27666.0,0,MORTGAGE,1550.0,DEBTCONSOLIDATION,7.49,0.06,2.0,658,No,1
22.0,male,Associate,114267.0,0,RENT,20000.0,PERSONAL,11.01,0.18,2.0,602,Yes,0
23.0,male,Bachelor,100420.0,4,RENT,20000.0,DEBTCONSOLIDATION,11.01,0.2,2.0,571,No,1
23.0,male,High School,115130.0,4,RENT,20000.0,EDUCATION,10.99,0.17,2.0,701,No,0
24.0,female,Bachelor,114976.0,3,RENT,20000.0,HOMEIMPROVEMENT,11.01,0.17,3.0,665,No,0
21.0,male,Bachelor,27648.0,0,OWN,7350.0,VENTURE,7.66,0.27,2.0,635,Yes,0
23.0,female,Bachelor,116295.0,0,RENT,20000.0,MEDICAL,13.04,0.17,3.0,643,Yes,0
22.0,male,Associate,27385.0,3,MORTGAGE,7200.0,PERSONAL,7.14,0.26,2.0,636,No,0
22.0,female,Associate,103798.0,0,RENT,20000.0,VENTURE,15.65,0.19,4.0,645,No,1
22.0,female,Bachelor,118565.0,0,RENT,20000.0,EDUCATION,11.83,0.17,4.0,575,Yes,0
24.0,female,Bachelor,27463.0,0,OWN,3000.0,DEBTCONSOLIDATION,16.0,0.11,2.0,647,Yes,0
23.0,male,Associate,120368.0,0,RENT,20000.0,EDUCATION,15.28,0.17,4.0,569,Yes,0
21.0,female,Bachelor,27493.0,2,OWN,4000.0,DEBTCONSOLIDATION,15.05,0.15,4.0,528,No,0
22.0,male,Master,27178.0,0,OWN,8500.0,DEBTCONSOLIDATION,15.05,0.31,4.0,626,No,0
24.0,female,Master,120691.0,2,RENT,20000.0,HOMEIMPROVEMENT,14.22,0.17,3.0,664,No,0
25.0,female,High School,106741.0,1,RENT,20000.0,HOMEIMPROVEMENT,16.35,0.19,3.0,650,No,1
26.0,male,Associate,27124.0,2,OWN,7500.0,VENTURE,10.96,0.28,2.0,600,Yes,0
25.0,female,High School,121016.0,0,RENT,20000.0,HOMEIMPROVEMENT,13.06,0.17,2.0,672,No,0
25.0,male,Bachelor,120866.0,1,RENT,20000.0,HOMEIMPROVEMENT,13.06,0.17,2.0,563,Yes,0
25.0,female,Bachelor,27635.0,2,OWN,7500.0,VENTURE,11.01,0.27,3.0,665,No,0
23.0,female,High School,27475.0,4,MORTGAGE,6700.0,EDUCATION,11.01,0.24,4.0,605,Yes,0
22.0,male,High School,90648.0,0,RENT,20000.0,MEDICAL,14.96,0.22,4.0,653,No,1
23.0,male,Associate,90887.0,2,RENT,20000.0,MEDICAL,17.04,0.22,2.0,685,No,1
22.0,male,Bachelor,121236.0,0,RENT,20000.0,PERSONAL,12.21,0.16,3.0,580,Yes,0
25.0,male,Associate,27780.0,1,MORTGAGE,6400.0,PERSONAL,7.88,0.23,4.0,672,Yes,0
26.0,male,Master,27364.0,0,OWN,5400.0,PERSONAL,5.42,0.2,3.0,646,No,0
26.0,male,Bachelor,125803.0,6,RENT,20000.0,DEBTCONSOLIDATION,10.74,0.16,2.0,636,Yes,0
23.0,female,Associate,112700.0,0,RENT,20000.0,PERSONAL,13.22,0.18,3.0,559,No,1
23.0,female,Bachelor,114961.0,1,RENT,20000.0,DEBTCONSOLIDATION,14.59,0.17,2.0,654,No,1
25.0,male,Associate,130715.0,5,RENT,20000.0,HOMEIMPROVEMENT,11.01,0.15,4.0,632,No,0
25.0,male,Bachelor,117215.0,2,RENT,20000.0,PERSONAL,11.01,0.17,3.0,672,No,1
23.0,male,High School,132975.0,1,RENT,20000.0,EDUCATION,12.42,0.15,3.0,630,No,0
22.0,male,Bachelor,132669.0,0,RENT,20000.0,EDUCATION,14.17,0.15,3.0,476,Yes,0
22.0,female,High School,132809.0,0,RENT,20000.0,DEBTCONSOLIDATION,13.72,0.15,3.0,691,Yes,0
24.0,male,Associate,133069.0,2,RENT,20000.0,PERSONAL,10.38,0.15,4.0,672,Yes,0
23.0,male,Associate,133031.0,0,RENT,20000.0,VENTURE,11.01,0.15,2.0,709,No,0
22.0,female,Associate,28529.0,1,MORTGAGE,2000.0,PERSONAL,7.51,0.07,3.0,521,Yes,0
22.0,female,Associate,28518.0,0,MORTGAGE,7125.0,HOMEIMPROVEMENT,11.71,0.25,3.0,564,No,1
23.0,male,High School,28149.0,0,MORTGAGE,3000.0,PERSONAL,8.9,0.11,2.0,626,No,1
25.0,female,Master,103168.0,1,RENT,20000.0,MEDICAL,17.39,0.19,2.0,662,No,1
23.0,female,Bachelor,28372.0,0,MORTGAGE,4800.0,PERSONAL,5.79,0.17,2.0,667,No,0
22.0,male,High School,28527.0,2,MORTGAGE,8300.0,PERSONAL,12.61,0.29,2.0,690,No,1
23.0,male,High School,145007.0,1,RENT,20000.0,MEDICAL,10.37,0.14,4.0,628,Yes,0
24.0,male,Bachelor,27861.0,0,OWN,4750.0,HOMEIMPROVEMENT,11.36,0.17,3.0,562,Yes,0
24.0,female,Associate,146157.0,0,RENT,20000.0,VENTURE,8.9,0.14,3.0,670,No,0
23.0,female,Associate,150985.0,0,RENT,20000.0,VENTURE,11.11,0.13,4.0,602,No,0
22.0,male,High School,28613.0,0,MORTGAGE,3000.0,EDUCATION,8.94,0.1,2.0,595,Yes,0
25.0,male,Associate,157396.0,3,RENT,20000.0,PERSONAL,15.27,0.13,2.0,687,No,0
26.0,female,Bachelor,156668.0,3,RENT,20000.0,DEBTCONSOLIDATION,13.11,0.13,4.0,668,Yes,0
23.0,male,Bachelor,28773.0,0,MORTGAGE,6000.0,EDUCATION,16.0,0.21,2.0,657,Yes,0
24.0,female,High School,160903.0,0,RENT,20000.0,EDUCATION,12.36,0.12,2.0,527,Yes,0
22.0,male,Associate,28257.0,0,MORTGAGE,10625.0,DEBTCONSOLIDATION,7.51,0.38,4.0,524,Yes,0
21.0,female,High School,28410.0,0,MORTGAGE,7000.0,MEDICAL,8.9,0.25,3.0,606,Yes,0
25.0,male,Master,168862.0,0,RENT,20000.0,EDUCATION,6.54,0.12,4.0,546,Yes,0
24.0,female,Master,166817.0,2,RENT,20000.0,VENTURE,15.99,0.12,3.0,681,No,1
23.0,male,High School,28492.0,2,MORTGAGE,3600.0,HOMEIMPROVEMENT,17.27,0.13,3.0,502,No,1
26.0,male,Master,178602.0,6,RENT,20000.0,DEBTCONSOLIDATION,17.99,0.11,3.0,604,No,1
22.0,male,Bachelor,193248.0,0,RENT,20000.0,PERSONAL,7.49,0.1,4.0,599,Yes,0
22.0,male,Associate,27969.0,0,MORTGAGE,4800.0,DEBTCONSOLIDATION,10.0,0.17,4.0,644,Yes,0
26.0,female,High School,193076.0,4,RENT,20000.0,HOMEIMPROVEMENT,9.99,0.1,3.0,660,Yes,0
26.0,female,Bachelor,202337.0,2,RENT,20000.0,VENTURE,11.36,0.1,4.0,652,No,0
26.0,female,Bachelor,208059.0,4,RENT,20000.0,HOMEIMPROVEMENT,11.83,0.1,2.0,615,No,0
21.0,female,Bachelor,28786.0,0,MORTGAGE,3000.0,DEBTCONSOLIDATION,13.35,0.1,3.0,638,Yes,0
25.0,male,Bachelor,210999.0,2,RENT,20000.0,DEBTCONSOLIDATION,14.72,0.09,2.0,680,Yes,0
25.0,male,High School,28595.0,2,MORTGAGE,4400.0,HOMEIMPROVEMENT,6.76,0.15,2.0,611,No,0
25.0,female,Associate,70930.0,0,RENT,19900.0,MEDICAL,11.83,0.28,4.0,578,No,1
26.0,female,Master,140072.0,0,RENT,19800.0,MEDICAL,11.48,0.14,4.0,617,Yes,0
26.0,male,Master,24756.0,8,RENT,500.0,MEDICAL,11.41,0.02,2.0,659,No,0
25.0,male,High School,28644.0,4,MORTGAGE,10000.0,PERSONAL,11.01,0.35,2.0,570,No,1
21.0,female,Bachelor,23899.0,1,RENT,700.0,EDUCATION,12.29,0.03,2.0,658,Yes,0
22.0,female,Master,28752.0,0,MORTGAGE,7000.0,EDUCATION,14.96,0.24,3.0,484,Yes,0
25.0,male,High School,23980.0,6,RENT,750.0,DEBTCONSOLIDATION,12.29,0.03,4.0,645,Yes,0
23.0,male,Associate,13059.0,0,RENT,1000.0,PERSONAL,10.37,0.08,2.0,541,No,1
22.0,female,High School,13021.0,1,RENT,1000.0,HOMEIMPROVEMENT,14.74,0.08,4.0,610,No,1
21.0,female,Master,13197.0,1,RENT,1000.0,HOMEIMPROVEMENT,13.43,0.08,4.0,722,No,1
22.0,male,High School,29111.0,0,MORTGAGE,2400.0,EDUCATION,9.63,0.08,4.0,668,No,0
21.0,male,Associate,28319.0,0,OTHER,2400.0,EDUCATION,12.21,0.08,4.0,628,Yes,0
23.0,female,Master,13817.0,1,RENT,1000.0,MEDICAL,10.25,0.07,2.0,667,No,1
22.0,male,Associate,14763.0,0,RENT,1000.0,MEDICAL,12.99,0.07,4.0,540,Yes,0
22.0,female,Bachelor,15248.0,0,RENT,1000.0,VENTURE,13.98,0.07,4.0,547,Yes,0
23.0,female,Bachelor,15553.0,3,RENT,1000.0,DEBTCONSOLIDATION,14.65,0.06,3.0,602,Yes,0
25.0,male,Bachelor,15255.0,2,RENT,1000.0,EDUCATION,10.65,0.07,2.0,611,No,0
21.0,male,Associate,14997.0,0,RENT,1000.0,EDUCATION,13.98,0.07,2.0,669,Yes,0
22.0,male,High School,15102.0,1,RENT,1000.0,PERSONAL,13.57,0.07,3.0,559,No,1
22.0,female,Bachelor,16077.0,3,RENT,1000.0,PERSONAL,14.96,0.06,3.0,642,No,1
24.0,male,Bachelor,17683.0,0,RENT,1000.0,DEBTCONSOLIDATION,10.0,0.06,4.0,562,No,1
21.0,male,High School,18221.0,0,RENT,1000.0,VENTURE,16.29,0.05,4.0,559,No,1
23.0,female,Bachelor,28684.0,1,OWN,2000.0,VENTURE,11.11,0.07,3.0,591,No,0
21.0,female,High School,28348.0,0,OWN,5000.0,VENTURE,11.01,0.18,3.0,506,Yes,0
22.0,male,Associate,18290.0,2,RENT,1000.0,VENTURE,16.69,0.05,3.0,623,No,1
21.0,male,Associate,28367.0,0,OWN,15000.0,EDUCATION,8.94,0.53,2.0,600,Yes,0
22.0,male,Associate,18923.0,0,RENT,1000.0,MEDICAL,14.3,0.05,3.0,599,No,1
21.0,male,Bachelor,20259.0,0,RENT,1000.0,VENTURE,15.65,0.05,3.0,604,No,1
24.0,male,Bachelor,21414.0,3,RENT,1000.0,VENTURE,11.49,0.05,3.0,619,Yes,0
22.0,female,Associate,20953.0,0,RENT,1000.0,EDUCATION,13.48,0.05,4.0,665,Yes,0
24.0,male,Bachelor,24085.0,3,RENT,1000.0,EDUCATION,12.53,0.04,4.0,655,Yes,0
23.0,female,High School,48233.0,2,RENT,19000.0,EDUCATION,10.62,0.39,2.0,606,No,1
22.0,male,Associate,48844.0,0,RENT,19000.0,VENTURE,12.18,0.39,3.0,562,No,1
25.0,female,Master,57272.0,1,RENT,19000.0,MEDICAL,11.99,0.33,2.0,648,No,1
25.0,male,Bachelor,61342.0,1,RENT,19000.0,HOMEIMPROVEMENT,10.99,0.31,4.0,645,No,1
25.0,male,Bachelor,63600.0,0,RENT,19000.0,MEDICAL,11.01,0.3,4.0,610,No,1
24.0,male,High School,29212.0,1,MORTGAGE,7000.0,DEBTCONSOLIDATION,10.38,0.24,3.0,607,Yes,0
26.0,male,High School,57891.0,2,RENT,19000.0,PERSONAL,16.7,0.33,4.0,649,No,1
25.0,male,Bachelor,65799.0,2,RENT,19000.0,DEBTCONSOLIDATION,11.01,0.29,4.0,640,No,1
22.0,male,Master,66071.0,0,RENT,19000.0,VENTURE,11.01,0.29,4.0,664,No,1
23.0,female,Associate,66303.0,3,RENT,19000.0,PERSONAL,11.14,0.29,2.0,611,No,1
26.0,male,Bachelor,75656.0,7,RENT,19000.0,MEDICAL,7.49,0.25,2.0,621,No,1
22.0,female,High School,84974.0,1,RENT,19000.0,MEDICAL,8.88,0.22,4.0,589,Yes,0
23.0,female,Master,87479.0,3,RENT,19000.0,MEDICAL,10.99,0.22,4.0,671,Yes,0
24.0,female,Bachelor,88452.0,0,RENT,19000.0,HOMEIMPROVEMENT,10.62,0.21,3.0,653,No,0
23.0,male,Bachelor,94830.0,0,RENT,19000.0,VENTURE,8.9,0.2,2.0,642,Yes,0
25.0,female,Bachelor,29498.0,6,MORTGAGE,6000.0,MEDICAL,14.59,0.2,2.0,664,No,1
22.0,male,Bachelor,29756.0,1,OWN,2500.0,VENTURE,9.91,0.08,2.0,592,Yes,0
26.0,male,Associate,116006.0,3,RENT,19000.0,PERSONAL,13.22,0.16,2.0,663,No,0
24.0,male,High School,126727.0,0,RENT,19000.0,HOMEIMPROVEMENT,12.29,0.15,2.0,582,Yes,0
24.0,female,High School,210705.0,0,RENT,19000.0,PERSONAL,11.48,0.09,3.0,655,No,0
26.0,male,Bachelor,61142.0,1,RENT,18950.0,PERSONAL,11.01,0.31,3.0,632,No,1
26.0,female,Associate,67267.0,2,RENT,18800.0,DEBTCONSOLIDATION,6.99,0.28,2.0,505,No,1
22.0,female,Bachelor,84840.0,4,RENT,18750.0,DEBTCONSOLIDATION,10.38,0.22,2.0,661,Yes,0
22.0,male,Bachelor,44761.0,0,RENT,18725.0,VENTURE,6.54,0.42,3.0,667,No,1
22.0,male,High School,52878.0,0,RENT,18550.0,DEBTCONSOLIDATION,11.83,0.35,4.0,694,No,1
24.0,male,Associate,29659.0,4,OWN,7100.0,VENTURE,12.42,0.24,3.0,641,No,0
24.0,male,Bachelor,42042.0,0,RENT,18500.0,MEDICAL,10.71,0.44,2.0,640,No,1
21.0,male,Associate,44065.0,0,RENT,18500.0,EDUCATION,10.91,0.42,3.0,690,No,1
22.0,male,Master,46436.0,0,RENT,18500.0,MEDICAL,7.66,0.4,4.0,673,No,1
25.0,female,High School,67957.0,6,RENT,18500.0,DEBTCONSOLIDATION,13.61,0.27,3.0,619,No,1
23.0,male,Associate,90359.0,3,RENT,18500.0,EDUCATION,11.26,0.2,3.0,697,Yes,0
25.0,male,Associate,90794.0,1,RENT,18500.0,EDUCATION,7.49,0.2,3.0,608,Yes,0
24.0,male,Master,88481.0,1,RENT,18500.0,HOMEIMPROVEMENT,7.9,0.21,2.0,605,No,1
22.0,female,Bachelor,29833.0,1,OWN,8000.0,MEDICAL,9.91,0.27,2.0,592,No,0
21.0,male,Associate,29833.0,0,MORTGAGE,3000.0,VENTURE,7.9,0.1,4.0,642,Yes,0
24.0,male,Bachelor,94624.0,1,RENT,18500.0,VENTURE,15.33,0.2,2.0,692,No,1
26.0,male,High School,174957.0,3,RENT,18500.0,EDUCATION,12.87,0.11,3.0,584,No,0
22.0,male,Associate,29781.0,2,MORTGAGE,5000.0,EDUCATION,7.9,0.17,2.0,598,Yes,0
22.0,female,Associate,59476.0,3,RENT,18400.0,PERSONAL,13.16,0.31,2.0,653,No,1
22.0,female,Bachelor,61014.0,0,RENT,18400.0,DEBTCONSOLIDATION,9.99,0.3,2.0,649,No,1
23.0,male,High School,145076.0,0,RENT,18400.0,PERSONAL,8.9,0.13,2.0,674,Yes,0
22.0,male,High School,29823.0,0,MORTGAGE,5000.0,VENTURE,14.65,0.17,4.0,655,No,1
25.0,female,High School,29628.0,0,MORTGAGE,6000.0,DEBTCONSOLIDATION,13.49,0.2,3.0,636,Yes,0
22.0,female,High School,42149.0,1,RENT,18250.0,VENTURE,10.25,0.43,3.0,571,No,1
24.0,female,Bachelor,42910.0,1,RENT,18250.0,PERSONAL,11.49,0.43,4.0,631,No,1
25.0,female,Master,42253.0,3,RENT,18250.0,VENTURE,17.04,0.43,3.0,587,No,1
23.0,male,Master,52308.0,0,RENT,18250.0,MEDICAL,10.25,0.35,3.0,657,No,1
22.0,male,Master,29875.0,0,MORTGAGE,1300.0,VENTURE,5.42,0.04,3.0,687,No,0
22.0,female,Bachelor,45672.0,0,RENT,18250.0,PERSONAL,14.61,0.4,2.0,561,No,1
24.0,female,High School,56134.0,0,RENT,18250.0,VENTURE,13.35,0.33,4.0,684,No,1
25.0,female,Bachelor,29750.0,0,MORTGAGE,5800.0,DEBTCONSOLIDATION,5.99,0.19,3.0,639,No,0
23.0,female,High School,56040.0,0,RENT,18250.0,PERSONAL,10.75,0.33,2.0,590,No,1
25.0,female,Bachelor,56207.0,0,RENT,18250.0,DEBTCONSOLIDATION,14.26,0.32,3.0,610,No,1
25.0,female,High School,67109.0,1,RENT,18250.0,VENTURE,17.56,0.27,2.0,594,No,1
25.0,male,Associate,59820.0,1,RENT,18250.0,VENTURE,14.83,0.31,3.0,609,No,1
22.0,female,High School,60829.0,1,RENT,18250.0,DEBTCONSOLIDATION,16.7,0.3,3.0,633,No,1
23.0,female,Associate,60902.0,0,RENT,18225.0,VENTURE,10.74,0.3,2.0,685,No,1
26.0,female,Associate,53842.0,3,RENT,18225.0,HOMEIMPROVEMENT,14.91,0.34,4.0,663,No,1
24.0,female,High School,43839.0,1,RENT,18200.0,VENTURE,8.88,0.42,4.0,562,No,1
25.0,male,Associate,44695.0,3,RENT,18200.0,PERSONAL,9.91,0.41,4.0,647,No,1
22.0,male,Associate,44500.0,0,RENT,18200.0,DEBTCONSOLIDATION,11.71,0.41,3.0,601,No,1
24.0,male,Bachelor,66842.0,3,RENT,18200.0,EDUCATION,10.99,0.27,2.0,639,No,1
23.0,male,Associate,33227.0,0,RENT,18000.0,VENTURE,11.54,0.54,4.0,679,No,1
23.0,female,Bachelor,29733.0,0,OWN,8000.0,EDUCATION,15.62,0.27,2.0,639,No,0
23.0,female,Bachelor,41153.0,3,RENT,18000.0,VENTURE,9.91,0.44,4.0,662,No,1
21.0,female,Bachelor,44105.0,0,RENT,18000.0,PERSONAL,9.88,0.41,3.0,654,No,1
21.0,male,Bachelor,38061.0,1,RENT,18000.0,EDUCATION,13.48,0.47,4.0,693,No,1
23.0,male,Master,48706.0,0,RENT,18000.0,EDUCATION,9.25,0.37,4.0,662,No,1
25.0,male,Master,48986.0,3,RENT,18000.0,MEDICAL,13.11,0.37,3.0,675,No,1
22.0,female,High School,29645.0,0,MORTGAGE,5000.0,DEBTCONSOLIDATION,10.99,0.17,4.0,624,Yes,0
25.0,female,Bachelor,51103.0,4,RENT,18000.0,VENTURE,6.17,0.35,2.0,642,No,1
24.0,female,Associate,30073.0,2,MORTGAGE,8000.0,MEDICAL,5.99,0.27,4.0,689,Yes,0
24.0,male,Bachelor,29678.0,1,OWN,2400.0,EDUCATION,7.49,0.08,2.0,603,Yes,0
24.0,female,High School,52304.0,0,RENT,18000.0,DEBTCONSOLIDATION,11.03,0.34,2.0,487,No,1
24.0,female,High School,52468.0,4,RENT,18000.0,MEDICAL,7.9,0.34,2.0,608,No,1
22.0,female,High School,53665.0,0,RENT,18000.0,EDUCATION,13.57,0.34,4.0,664,No,1
24.0,female,Master,53603.0,0,RENT,18000.0,VENTURE,12.18,0.34,2.0,660,No,1
25.0,female,Associate,47902.0,2,RENT,18000.0,MEDICAL,17.19,0.38,3.0,654,No,1
22.0,male,High School,57121.0,0,RENT,18000.0,MEDICAL,15.23,0.32,2.0,672,No,1
22.0,male,High School,58364.0,0,RENT,18000.0,EDUCATION,11.01,0.31,2.0,591,No,1
24.0,male,Associate,51764.0,0,RENT,18000.0,HOMEIMPROVEMENT,14.46,0.35,3.0,618,No,1
24.0,female,Bachelor,29776.0,4,OWN,4200.0,VENTURE,6.99,0.14,3.0,614,Yes,0
24.0,female,Bachelor,53028.0,2,RENT,18000.0,DEBTCONSOLIDATION,16.63,0.34,2.0,709,No,1
24.0,female,Master,61117.0,0,RENT,18000.0,MEDICAL,12.42,0.29,4.0,674,No,1
24.0,female,Bachelor,61070.0,1,RENT,18000.0,VENTURE,7.9,0.29,4.0,628,No,1
23.0,female,Bachelor,29966.0,1,MORTGAGE,5000.0,MEDICAL,15.99,0.17,2.0,673,No,1
23.0,female,Bachelor,29640.0,3,OWN,4200.0,PERSONAL,10.99,0.14,4.0,595,Yes,0
26.0,female,High School,60841.0,7,RENT,18000.0,EDUCATION,13.11,0.3,3.0,651,No,1
22.0,female,High School,60669.0,0,RENT,18000.0,VENTURE,13.79,0.3,2.0,618,No,1
22.0,male,Master,29540.0,0,OWN,2500.0,EDUCATION,10.59,0.08,2.0,620,Yes,0
22.0,female,Master,63084.0,0,RENT,18000.0,EDUCATION,11.01,0.29,4.0,641,No,1
22.0,female,Master,29906.0,0,OWN,6000.0,MEDICAL,12.68,0.2,4.0,638,No,0
25.0,male,Bachelor,63657.0,4,RENT,18000.0,VENTURE,12.98,0.28,4.0,572,No,1
22.0,female,Master,63459.0,2,RENT,18000.0,VENTURE,13.85,0.28,4.0,683,No,1
25.0,male,Associate,63913.0,3,RENT,18000.0,VENTURE,12.21,0.28,2.0,647,No,1
22.0,female,Bachelor,57005.0,0,RENT,18000.0,DEBTCONSOLIDATION,10.71,0.32,3.0,554,No,1
24.0,female,High School,58556.0,0,RENT,18000.0,PERSONAL,6.54,0.31,2.0,634,No,1
23.0,male,High School,30483.0,0,OWN,8000.0,PERSONAL,5.79,0.26,3.0,574,Yes,0
25.0,female,Associate,67108.0,3,RENT,18000.0,EDUCATION,12.84,0.27,2.0,594,No,1
25.0,female,High School,67409.0,4,RENT,18000.0,HOMEIMPROVEMENT,10.99,0.27,4.0,646,No,1
23.0,male,Bachelor,30059.0,0,MORTGAGE,1375.0,MEDICAL,11.11,0.05,4.0,506,No,1
24.0,male,Bachelor,68258.0,2,RENT,18000.0,EDUCATION,13.48,0.26,3.0,671,No,1
21.0,male,Bachelor,60821.0,0,RENT,18000.0,EDUCATION,14.74,0.3,2.0,530,No,1
25.0,male,High School,70432.0,6,RENT,18000.0,VENTURE,11.01,0.26,4.0,609,No,1
21.0,female,Bachelor,63842.0,0,RENT,18000.0,MEDICAL,19.69,0.28,2.0,678,No,1
26.0,female,High School,64459.0,4,RENT,18000.0,VENTURE,17.19,0.28,3.0,661,No,1
22.0,female,Master,73175.0,0,RENT,18000.0,EDUCATION,16.32,0.25,4.0,667,No,0
22.0,female,Associate,72947.0,2,RENT,18000.0,EDUCATION,9.33,0.25,3.0,631,Yes,0
25.0,male,High School,74953.0,2,RENT,18000.0,EDUCATION,13.23,0.24,2.0,515,Yes,0
26.0,male,Doctorate,29960.0,5,MORTGAGE,5000.0,MEDICAL,7.66,0.17,3.0,664,No,1
22.0,female,Associate,75259.0,0,RENT,18000.0,MEDICAL,13.85,0.24,4.0,634,Yes,0
23.0,male,Bachelor,29749.0,0,MORTGAGE,5600.0,EDUCATION,9.63,0.19,3.0,655,No,0
24.0,male,Associate,29914.0,0,OWN,10000.0,VENTURE,6.92,0.33,4.0,513,Yes,0
22.0,male,High School,76368.0,2,RENT,18000.0,VENTURE,9.63,0.24,4.0,562,Yes,0
23.0,male,Associate,76732.0,2,RENT,18000.0,EDUCATION,10.99,0.23,3.0,618,Yes,0
23.0,female,High School,76941.0,2,RENT,18000.0,EDUCATION,13.57,0.23,3.0,659,No,0
25.0,female,Associate,79049.0,4,RENT,18000.0,VENTURE,11.01,0.23,3.0,536,Yes,0
25.0,female,High School,79231.0,3,RENT,18000.0,HOMEIMPROVEMENT,13.99,0.23,3.0,562,Yes,0
24.0,male,High School,71798.0,1,RENT,18000.0,HOMEIMPROVEMENT,14.96,0.25,4.0,603,No,1
25.0,female,High School,79211.0,1,RENT,18000.0,HOMEIMPROVEMENT,11.01,0.23,3.0,610,No,0
26.0,female,Master,71618.0,1,RENT,18000.0,VENTURE,16.0,0.25,4.0,675,No,1
26.0,male,Bachelor,73027.0,5,RENT,18000.0,HOMEIMPROVEMENT,16.29,0.25,2.0,662,No,1
25.0,female,High School,80198.0,1,RENT,18000.0,EDUCATION,10.25,0.22,3.0,578,Yes,0
21.0,female,Bachelor,82727.0,0,RENT,18000.0,EDUCATION,10.65,0.22,2.0,625,No,0
24.0,male,Bachelor,85246.0,2,RENT,18000.0,HOMEIMPROVEMENT,9.88,0.21,2.0,591,Yes,0
25.0,female,Master,66195.0,2,RENT,18000.0,MEDICAL,16.0,0.27,2.0,668,No,1
25.0,female,Bachelor,85830.0,5,RENT,18000.0,EDUCATION,16.45,0.21,2.0,625,Yes,0
25.0,male,Master,78750.0,5,RENT,18000.0,PERSONAL,15.33,0.23,4.0,718,No,1
26.0,male,Bachelor,87291.0,5,RENT,18000.0,DEBTCONSOLIDATION,11.83,0.21,2.0,692,Yes,0
24.0,female,Associate,80615.0,4,RENT,18000.0,PERSONAL,14.54,0.22,4.0,584,No,1
24.0,male,Associate,87404.0,0,RENT,18000.0,VENTURE,7.88,0.21,2.0,600,Yes,0
24.0,male,Master,29643.0,3,OWN,3000.0,EDUCATION,13.98,0.1,2.0,597,No,0
23.0,male,Bachelor,89331.0,0,RENT,18000.0,EDUCATION,11.01,0.2,2.0,682,Yes,0
25.0,female,Bachelor,30184.0,4,MORTGAGE,1200.0,VENTURE,15.21,0.04,4.0,689,No,0
23.0,female,Master,90938.0,1,RENT,18000.0,EDUCATION,12.73,0.2,4.0,616,Yes,0
25.0,male,Master,29110.0,2,MORTGAGE,3500.0,PERSONAL,15.58,0.12,2.0,532,No,1
23.0,female,High School,91967.0,2,RENT,18000.0,EDUCATION,9.88,0.2,3.0,578,Yes,0
21.0,male,Master,29879.0,0,OWN,7000.0,MEDICAL,11.86,0.23,2.0,617,No,0
26.0,female,Bachelor,94747.0,4,RENT,18000.0,EDUCATION,13.49,0.19,2.0,672,No,0
21.0,female,Associate,97282.0,0,RENT,18000.0,VENTURE,7.9,0.19,2.0,695,No,0
23.0,male,High School,97195.0,1,RENT,18000.0,VENTURE,8.49,0.19,3.0,655,No,0
22.0,female,Associate,97065.0,2,RENT,18000.0,EDUCATION,10.99,0.19,4.0,667,Yes,0
26.0,male,High School,97068.0,1,RENT,18000.0,HOMEIMPROVEMENT,13.85,0.19,3.0,661,Yes,0
23.0,male,Associate,98110.0,2,RENT,18000.0,MEDICAL,13.98,0.18,2.0,568,Yes,0
23.0,male,High School,29589.0,2,MORTGAGE,2800.0,DEBTCONSOLIDATION,16.07,0.09,3.0,613,No,1
23.0,female,Bachelor,99196.0,0,RENT,18000.0,MEDICAL,11.01,0.18,2.0,658,Yes,0
23.0,female,High School,93092.0,0,RENT,18000.0,DEBTCONSOLIDATION,10.65,0.19,4.0,540,No,1
24.0,female,High School,29935.0,0,MORTGAGE,8500.0,EDUCATION,15.7,0.28,2.0,606,Yes,0
26.0,male,Master,29897.0,1,MORTGAGE,2100.0,PERSONAL,13.11,0.07,3.0,674,No,0
22.0,male,Bachelor,100074.0,0,RENT,18000.0,VENTURE,15.27,0.18,2.0,652,No,0
26.0,female,High School,29511.0,6,MORTGAGE,6000.0,HOMEIMPROVEMENT,10.99,0.2,4.0,578,No,0
25.0,male,Master,101710.0,4,RENT,18000.0,HOMEIMPROVEMENT,9.88,0.18,3.0,692,Yes,0
22.0,female,High School,29732.0,0,MORTGAGE,2500.0,MEDICAL,7.14,0.08,2.0,661,No,0
25.0,female,Master,102979.0,4,RENT,18000.0,EDUCATION,11.71,0.17,4.0,652,Yes,0
26.0,female,Bachelor,104467.0,3,RENT,18000.0,VENTURE,8.49,0.17,2.0,691,Yes,0
23.0,female,Master,105627.0,2,RENT,18000.0,EDUCATION,11.89,0.17,2.0,709,No,0
23.0,female,Master,106616.0,0,RENT,18000.0,EDUCATION,13.16,0.17,4.0,687,No,0
23.0,male,Master,109401.0,2,RENT,18000.0,PERSONAL,8.88,0.16,4.0,684,Yes,0
24.0,male,Associate,114882.0,0,RENT,18000.0,DEBTCONSOLIDATION,8.49,0.16,4.0,520,Yes,0
26.0,male,High School,115195.0,4,RENT,18000.0,HOMEIMPROVEMENT,15.31,0.16,3.0,541,Yes,0
24.0,female,Bachelor,123296.0,0,RENT,18000.0,EDUCATION,12.53,0.15,3.0,555,Yes,0